generation,genome,fitness
0,0.709691,0.0582522
0,0.915586,-0.0874642
0,0.785162,0.292724
0,0.0460402,-0.189941
0,0.204582,1.24963
0,0.338734,0.3357
0,0.922518,-0.123139
0,0.749806,0.225688
0,0.156249,1.12566
0,0.590774,-0.664229
0,0.319473,0.534554
0,0.103285,0.649994
0,0.863545,0.155872
0,0.642832,-0.352068
0,0.239347,1.16033
0,0.738018,0.185688
0,0.159413,1.14303
0,0.242924,1.14353
0,0.738198,0.186361
0,0.890468,0.0381398
0,0.475915,-0.791086
0,0.211319,1.24337
0,0.204897,1.24946
0,0.973004,-0.363537
0,0.913778,-0.078182
0,0.690175,-0.0505271
0,0.856132,0.183457
0,0.819008,0.279109
0,0.186107,1.23775
0,0.504348,-0.859793
0,0.866793,0.143037
0,0.423529,-0.48565
0,0.979588,-0.389106
0,0.28748,0.836627
0,0.272339,0.959119
0,0.0317935,-0.433739
0,0.910891,-0.0634
0,0.953882,-0.279649
0,0.313966,0.5897
0,0.692305,-0.037995
0,0.683811,-0.0887795
0,0.883837,0.0692757
0,0.345773,0.261757
0,0.368575,0.0233515
0,0.84442,0.221747
0,0.536382,-0.85288
0,0.332837,0.39731
0,0.264287,1.01722
0,0.259926,1.04641
0,0.103197,0.648929
1,0.103285,0.649994
1,0.211319,1.24337
1,0.156249,1.12566
1,0.211319,1.24337
1,0.156249,1.12566
1,0.103197,0.648929
1,0.242924,1.14353
1,0.239347,1.16033
1,0.204897,1.24946
1,0.000537417,-0.990326
1,0.272339,0.959119
1,0.592828,-0.653651
1,0.819008,0.279109
1,0.211319,1.24337
1,0.103285,0.649994
1,0.103285,0.649994
1,0.259926,1.04641
1,0.738198,0.186361
1,0.211319,1.24337
1,0.856132,0.183457
1,0.84442,0.221747
1,0.264287,1.01722
1,0.272339,0.959119
1,-0.025298,-1.45175
1,0.211319,1.24337
1,0.272339,0.959119
1,1.04651,-0.500576
1,0.239347,1.16033
1,0.156249,1.12566
1,0.359857,0.113842
1,0.204897,1.24946
1,0.103197,0.648929
1,0.738018,0.185688
1,1.5573,0.228996
1,0.264287,1.01722
1,0.204582,1.24963
1,0.159413,1.14303
1,0.211319,1.24337
1,0.785162,0.292724
1,0.156249,1.12566
1,0.272339,0.959119
1,0.386211,-0.154152
1,0.332837,0.39731
1,0.272339,0.959119
1,0.239347,1.16033
1,0.345773,0.261757
1,0.186107,1.23775
1,0.738018,0.185688
1,0.259926,1.04641
1,0.272339,0.959119
2,0.156249,1.12566
2,0.204897,1.24946
2,0.204897,1.24946
2,0.204582,1.24963
2,0.211319,1.24337
2,0.204897,1.24946
2,0.808816,0.291108
2,0.264287,1.01722
2,0.211319,1.24337
2,0.156249,1.12566
2,1.08359,-0.411461
2,0.307499,0.653059
2,0.250356,1.10448
2,0.272339,0.959119
2,0.693937,-0.0284859
2,0.156249,1.12566
2,1.18775,0.430747
2,0.239347,1.16033
2,0.239347,1.16033
2,0.204897,1.24946
2,0.211319,1.24337
2,0.103197,0.648929
2,-0.257921,-2.99312
2,-0.798324,-1.69224
2,0.513136,-0.866608
2,0.211319,1.24337
2,0.272339,0.959119
2,0.272339,0.959119
2,0.799758,0.296124
2,0.819008,0.279109
2,0.204897,1.24946
2,0.211319,1.24337
2,0.204897,1.24946
2,0.211319,1.24337
2,0.211319,1.24337
2,0.345773,0.261757
2,0.239347,1.16033
2,0.211319,1.24337
2,0.186107,1.23775
2,0.211319,1.24337
2,0.211319,1.24337
2,0.211319,1.24337
2,0.211319,1.24337
2,0.456884,-0.705652
2,0.785162,0.292724
2,0.204897,1.24946
2,0.103285,0.649994
2,0.103285,0.649994
2,0.279539,0.902889
2,0.103285,0.649994
3,0.299759,0.726515
3,0.884175,0.0677203
3,0.204582,1.24963
3,0.211319,1.24337
3,0.204582,1.24963
3,0.211319,1.24337
3,0.211319,1.24337
3,0.204897,1.24946
3,0.211319,1.24337
3,0.204897,1.24946
3,0.211319,1.24337
3,0.211319,1.24337
3,0.272339,0.959119
3,0.204582,1.24963
3,0.204897,1.24946
3,0.204897,1.24946
3,0.211319,1.24337
3,0.88347,0.0709657
3,0.204897,1.24946
3,0.239347,1.16033
3,0.211319,1.24337
3,0.343112,0.28974
3,0.204897,1.24946
3,0.204897,1.24946
3,-0.416261,-1.40202
3,0.211319,1.24337
3,0.204897,1.24946
3,0.264287,1.01722
3,0.211319,1.24337
3,0.204897,1.24946
3,0.211319,1.24337
3,0.211319,1.24337
3,-0.466093,-1.03581
3,1.06932,-0.459945
3,0.204897,1.24946
3,0.204897,1.24946
3,0.881693,0.0790866
3,0.211319,1.24337
3,1.03465,-0.504386
3,0.204897,1.24946
3,1.10653,-0.29609
3,0.134443,0.971146
3,0.211319,1.24337
3,0.250356,1.10448
3,1.02569,-0.499835
3,0.211319,1.24337
3,0.211319,1.24337
3,0.211319,1.24337
3,0.211319,1.24337
3,0.250356,1.10448
4,0.204582,1.24963
4,0.726234,0.137699
4,0.204897,1.24946
4,0.204582,1.24963
4,0.204897,1.24946
4,1.14178,-0.0340335
4,0.244698,1.13471
4,0.204897,1.24946
4,0.343112,0.28974
4,0.204897,1.24946
4,0.199211,1.25061
4,0.204897,1.24946
4,0.211319,1.24337
4,0.211319,1.24337
4,0.211319,1.24337
4,0.211319,1.24337
4,0.204897,1.24946
4,0.211319,1.24337
4,0.204897,1.24946
4,0.204582,1.24963
4,0.211319,1.24337
4,0.211319,1.24337
4,0.204897,1.24946
4,0.272339,0.959119
4,0.204582,1.24963
4,0.204897,1.24946
4,0.204582,1.24963
4,0.204582,1.24963
4,0.211319,1.24337
4,0.211319,1.24337
4,0.211319,1.24337
4,0.204897,1.24946
4,-0.514593,-0.873898
4,0.204897,1.24946
4,0.250356,1.10448
4,0.850124,0.203949
4,0.211319,1.24337
4,0.204897,1.24946
4,0.117412,0.809536
4,0.204897,1.24946
4,0.204897,1.24946
4,0.891221,0.0345328
4,0.204897,1.24946
4,-0.0909358,-2.48479
4,0.211319,1.24337
4,0.204897,1.24946
4,0.204897,1.24946
4,-0.1164,-2.78533
4,0.204897,1.24946
4,-0.421602,-1.35439
5,0.0211611,-0.620805
5,0.793273,0.296376
5,-0.562112,-0.904288
5,0.204897,1.24946
5,0.420303,-0.46012
5,0.204897,1.24946
5,0.199211,1.25061
5,-0.303677,-2.59817
5,0.204897,1.24946
5,0.204897,1.24946
5,0.204897,1.24946
5,0.204582,1.24963
5,0.204897,1.24946
5,0.204582,1.24963
5,0.204582,1.24963
5,0.204897,1.24946
5,0.204582,1.24963
5,0.204582,1.24963
5,0.204897,1.24946
5,0.204582,1.24963
5,0.204897,1.24946
5,0.204897,1.24946
5,0.204582,1.24963
5,0.204582,1.24963
5,0.211319,1.24337
5,0.204582,1.24963
5,0.204897,1.24946
5,0.199211,1.25061
5,0.204582,1.24963
5,-0.57162,-0.929759
5,0.204897,1.24946
5,-0.144029,-3.02579
5,0.204897,1.24946
5,0.204897,1.24946
5,0.204897,1.24946
5,0.204582,1.24963
5,0.204897,1.24946
5,1.06503,-0.471025
5,1.06578,-0.469207
5,0.204582,1.24963
5,0.204582,1.24963
5,0.204897,1.24946
5,0.347426,0.244355
5,0.204582,1.24963
5,0.204897,1.24946
5,0.204897,1.24946
5,0.211319,1.24337
5,0.204897,1.24946
5,0.162279,1.15764
5,0.204897,1.24946
6,0.204582,1.24963
6,0.204897,1.24946
6,0.204897,1.24946
6,0.204582,1.24963
6,0.204897,1.24946
6,-0.509846,-0.880794
6,0.204897,1.24946
6,0.204897,1.24946
6,0.204582,1.24963
6,0.204582,1.24963
6,0.204582,1.24963
6,0.204897,1.24946
6,0.204897,1.24946
6,0.204582,1.24963
6,0.204582,1.24963
6,0.204897,1.24946
6,0.204897,1.24946
6,0.204582,1.24963
6,-0.371063,-1.86167
6,-0.393815,-1.61954
6,0.204897,1.24946
6,0.357007,0.14367
6,0.717423,0.0970246
6,0.204582,1.24963
6,0.204582,1.24963
6,0.592962,-0.652959
6,0.204582,1.24963
6,0.204582,1.24963
6,0.204582,1.24963
6,0.847828,0.211314
6,0.204582,1.24963
6,-0.43728,-1.22535
6,0.204582,1.24963
6,0.204897,1.24946
6,0.204582,1.24963
6,0.204582,1.24963
6,-0.307145,-2.56288
6,-0.759915,-1.70297
6,0.204582,1.24963
6,0.204582,1.24963
6,0.204582,1.24963
6,0.204582,1.24963
6,0.204582,1.24963
6,0.199211,1.25061
6,0.199211,1.25061
6,0.204582,1.24963
6,0.204582,1.24963
6,0.204582,1.24963
6,0.204897,1.24946
6,0.204582,1.24963
7,0.204582,1.24963
7,0.204582,1.24963
7,0.204582,1.24963
7,0.356965,0.144103
7,0.204582,1.24963
7,0.204582,1.24963
7,0.204582,1.24963
7,0.204582,1.24963
7,0.204582,1.24963
7,0.199211,1.25061
7,0.204582,1.24963
7,0.204582,1.24963
7,-0.0959197,-2.54907
7,0.199211,1.25061
7,0.204582,1.24963
7,0.204582,1.24963
7,0.204582,1.24963
7,0.204582,1.24963
7,-0.239089,-3.1046
7,0.204897,1.24946
7,0.199211,1.25061
7,0.204582,1.24963
7,0.199211,1.25061
7,1.14329,-0.0208165
7,0.204582,1.24963
7,0.204582,1.24963
7,0.204582,1.24963
7,-0.094401,-2.52975
7,0.204582,1.24963
7,-0.30419,-2.59299
7,0.204582,1.24963
7,0.204582,1.24963
7,-0.0863698,-2.42374
7,0.0628378,0.0833103
7,0.199211,1.25061
7,0.204582,1.24963
7,0.204582,1.24963
7,0.204582,1.24963
7,0.199211,1.25061
7,0.204582,1.24963
7,0.199211,1.25061
7,-0.746693,-1.68382
7,0.204582,1.24963
7,0.204582,1.24963
7,0.204582,1.24963
7,0.204582,1.24963
7,0.920536,-0.112935
7,-0.75225,-1.69323
7,0.204582,1.24963
7,0.204582,1.24963
8,0.204582,1.24963
8,0.331295,0.41334
8,0.204582,1.24963
8,0.204582,1.24963
8,0.199211,1.25061
8,0.204582,1.24963
8,0.199211,1.25061
8,-0.417889,-1.38732
8,0.546274,-0.833745
8,-0.116296,-2.78424
8,0.199211,1.25061
8,0.612399,-0.544005
8,0.199211,1.25061
8,-0.0010533,-1.01896
8,0.788476,0.294751
8,0.632092,-0.421656
8,0.199211,1.25061
8,0.204582,1.24963
8,0.199211,1.25061
8,0.204582,1.24963
8,0.204582,1.24963
8,0.0757787,0.280332
8,0.204582,1.24963
8,0.199211,1.25061
8,0.204582,1.24963
8,-0.760092,-1.70315
8,-0.75225,-1.69323
8,0.205161,1.24931
8,0.199211,1.25061
8,0.204582,1.24963
8,-0.107178,-2.68469
8,0.199211,1.25061
8,0.204582,1.24963
8,0.765983,0.266535
8,0.199211,1.25061
8,0.204582,1.24963
8,0.204582,1.24963
8,0.204582,1.24963
8,0.199211,1.25061
8,1.1837,0.385724
8,0.204582,1.24963
8,0.204582,1.24963
8,0.199211,1.25061
8,-0.745845,-1.68221
8,0.199211,1.25061
8,0.612715,-0.542119
8,0.199211,1.25061
8,0.199211,1.25061
8,0.199211,1.25061
8,0.199211,1.25061
9,0.199211,1.25061
9,0.199211,1.25061
9,0.199211,1.25061
9,0.889977,0.0404821
9,1.02178,-0.495929
9,0.199211,1.25061
9,0.722549,0.121165
9,-0.714365,-1.59304
9,-0.682911,-1.45719
9,0.199211,1.25061
9,0.204582,1.24963
9,0.199211,1.25061
9,-0.116313,-2.78442
9,0.199211,1.25061
9,-0.690581,-1.49363
9,-0.219124,-3.18146
9,0.199211,1.25061
9,0.832227,0.253944
9,0.199211,1.25061
9,1.17831,0.326693
9,0.204582,1.24963
9,0.204582,1.24963
9,0.199211,1.25061
9,-0.531248,-0.864585
9,0.199211,1.25061
9,0.199211,1.25061
9,0.204582,1.24963
9,0.199211,1.25061
9,0.204582,1.24963
9,0.204582,1.24963
9,0.204582,1.24963
9,-0.702874,-1.54788
9,-0.512934,-0.87609
9,0.204582,1.24963
9,0.199211,1.25061
9,0.551129,-0.82163
9,0.199211,1.25061
9,0.199211,1.25061
9,0.739196,0.190055
9,0.199211,1.25061
9,0.199211,1.25061
9,0.199211,1.25061
9,0.199211,1.25061
9,0.199211,1.25061
9,0.204582,1.24963
9,0.162193,1.15721
9,0.199211,1.25061
9,0.199211,1.25061
9,0.204582,1.24963
9,0.204582,1.24963
10,0.199211,1.25061
10,0.503715,-0.859041
10,0.199211,1.25061
10,0.199211,1.25061
10,0.907378,-0.0455087
10,0.199211,1.25061
10,0.199211,1.25061
10,0.204582,1.24963
10,0.199211,1.25061
10,0.199211,1.25061
10,0.199211,1.25061
10,1.08658,-0.399026
10,0.199211,1.25061
10,-0.209531,-3.20183
10,0.199211,1.25061
10,0.199211,1.25061
10,0.199211,1.25061
10,-0.104398,-2.65248
10,0.199211,1.25061
10,0.199211,1.25061
10,0.538761,-0.848975
10,0.199211,1.25061
10,0.199211,1.25061
10,0.199211,1.25061
10,0.0425821,-0.248242
10,0.199211,1.25061
10,0.199211,1.25061
10,0.97747,-0.381095
10,0.199211,1.25061
10,-0.291962,-2.71281
10,0.199211,1.25061
10,0.199211,1.25061
10,-0.173157,-3.17345
10,0.199211,1.25061
10,0.204582,1.24963
10,0.65939,-0.243767
10,0.267894,0.991842
10,0.199211,1.25061
10,0.199211,1.25061
10,0.199211,1.25061
10,0.204582,1.24963
10,0.199211,1.25061
10,0.204582,1.24963
10,0.199211,1.25061
10,0.199211,1.25061
10,0.199211,1.25061
10,-0.548329,-0.877962
10,0.199211,1.25061
10,0.199211,1.25061
10,0.650979,-0.298759
11,0.199211,1.25061
11,0.199211,1.25061
11,0.199211,1.25061
11,0.651262,-0.296902
11,-0.685731,-1.47079
11,1.01955,-0.493193
11,0.199211,1.25061
11,0.404323,-0.324246
11,0.199211,1.25061
11,-0.531372,-0.864601
11,0.199211,1.25061
11,0.199211,1.25061
11,0.199211,1.25061
11,0.199211,1.25061
11,0.199211,1.25061
11,0.199211,1.25061
11,0.199211,1.25061
11,0.199211,1.25061
11,0.199211,1.25061
11,0.199211,1.25061
11,0.199211,1.25061
11,0.199211,1.25061
11,0.65939,-0.243767
11,0.0210039,-0.623596
11,0.199211,1.25061
11,-0.78941,-1.70372
11,0.199211,1.25061
11,0.199211,1.25061
11,0.199211,1.25061
11,-0.396885,-1.58831
11,-0.207658,-3.20449
11,0.199211,1.25061
11,0.199211,1.25061
11,0.199211,1.25061
11,0.199211,1.25061
11,0.199211,1.25061
11,0.199211,1.25061
11,0.199211,1.25061
11,0.199211,1.25061
11,0.199211,1.25061
11,0.199211,1.25061
11,0.199211,1.25061
11,0.199211,1.25061
11,0.199211,1.25061
11,0.199211,1.25061
11,0.753344,0.236043
11,-0.501603,-0.897349
11,0.362716,0.084032
11,0.199211,1.25061
11,1.05928,-0.483351
12,0.199211,1.25061
12,0.199211,1.25061
12,0.199211,1.25061
12,0.199211,1.25061
12,0.199211,1.25061
12,0.199211,1.25061
12,0.199211,1.25061
12,0.199211,1.25061
12,0.199211,1.25061
12,0.199211,1.25061
12,0.199211,1.25061
12,-0.528053,-0.86461
12,0.199211,1.25061
12,0.199211,1.25061
12,0.199211,1.25061
12,0.199211,1.25061
12,0.199211,1.25061
12,0.199211,1.25061
12,0.199211,1.25061
12,0.199211,1.25061
12,0.199211,1.25061
12,0.199211,1.25061
12,0.199211,1.25061
12,0.199211,1.25061
12,0.199211,1.25061
12,0.696079,-0.0161512
12,0.199211,1.25061
12,-0.0569475,-1.98629
12,0.676657,-0.133046
12,0.199211,1.25061
12,0.199211,1.25061
12,0.199211,1.25061
12,0.199211,1.25061
12,0.199211,1.25061
12,0.199211,1.25061
12,0.199211,1.25061
12,0.199211,1.25061
12,0.199211,1.25061
12,0.362716,0.084032
12,0.199211,1.25061
12,0.199211,1.25061
12,0.199211,1.25061
12,0.199211,1.25061
12,0.199211,1.25061
12,0.199211,1.25061
12,0.199211,1.25061
12,0.199211,1.25061
12,0.199211,1.25061
12,0.199211,1.25061
12,0.199211,1.25061
13,0.199211,1.25061
13,0.199211,1.25061
13,0.87341,0.115612
13,0.199211,1.25061
13,0.199211,1.25061
13,0.199211,1.25061
13,0.199211,1.25061
13,0.199211,1.25061
13,0.199211,1.25061
13,0.873745,0.114177
13,0.199211,1.25061
13,0.199211,1.25061
13,0.199211,1.25061
13,0.431325,-0.544451
13,0.314065,0.588726
13,0.199211,1.25061
13,0.199211,1.25061
13,0.199211,1.25061
13,0.883668,0.0700553
13,0.199211,1.25061
13,0.689248,-0.0560235
13,0.199211,1.25061
13,0.199211,1.25061
13,0.199211,1.25061
13,0.199211,1.25061
13,0.199211,1.25061
13,0.510187,-0.865072
13,0.199211,1.25061
13,0.557357,-0.803582
13,0.199211,1.25061
13,0.199211,1.25061
13,0.199211,1.25061
13,0.576479,-0.73189
13,0.199211,1.25061
13,0.199211,1.25061
13,-0.338041,-2.22977
13,0.199211,1.25061
13,0.199211,1.25061
13,0.199211,1.25061
13,0.199211,1.25061
13,0.199211,1.25061
13,0.199211,1.25061
13,0.199211,1.25061
13,0.199211,1.25061
13,0.199211,1.25061
13,0.199211,1.25061
13,0.199211,1.25061
13,-0.28842,-2.74591
13,0.199211,1.25061
13,0.199211,1.25061
14,0.199211,1.25061
14,0.199211,1.25061
14,0.199211,1.25061
14,0.199211,1.25061
14,-0.204048,-3.20839
14,0.0372966,-0.338486
14,0.199211,1.25061
14,0.199211,1.25061
14,0.0529274,-0.075782
14,0.199211,1.25061
14,0.199211,1.25061
14,0.199211,1.25061
14,0.199211,1.25061
14,0.781558,0.289681
14,0.199211,1.25061
14,0.115118,0.785149
14,0.199211,1.25061
14,0.388544,-0.176863
14,0.199211,1.25061
14,0.199211,1.25061
14,0.199211,1.25061
14,0.199211,1.25061
14,0.199211,1.25061
14,0.199211,1.25061
14,-0.386903,-1.69125
14,0.190709,1.24475
14,0.199211,1.25061
14,0.199211,1.25061
14,0.199211,1.25061
14,1.12506,-0.170434
14,0.199211,1.25061
14,0.199211,1.25061
14,0.231658,1.19188
14,0.199211,1.25061
14,0.199211,1.25061
14,0.199211,1.25061
14,0.170681,1.1943
14,0.199211,1.25061
14,0.199211,1.25061
14,0.199211,1.25061
14,0.199211,1.25061
14,-0.559672,-0.898682
14,0.199211,1.25061
14,0.199211,1.25061
14,0.199211,1.25061
14,0.199211,1.25061
14,0.199211,1.25061
14,0.199211,1.25061
14,0.199211,1.25061
14,0.199211,1.25061
15,0.199211,1.25061
15,0.199211,1.25061
15,0.199211,1.25061
15,0.199211,1.25061
15,0.199211,1.25061
15,0.199211,1.25061
15,0.190709,1.24475
15,0.199211,1.25061
15,0.199211,1.25061
15,0.199211,1.25061
15,0.199211,1.25061
15,0.199211,1.25061
15,0.199211,1.25061
15,1.04267,-0.503067
15,0.199211,1.25061
15,0.199211,1.25061
15,0.199211,1.25061
15,0.199211,1.25061
15,0.199211,1.25061
15,0.199211,1.25061
15,0.527279,-0.863619
15,0.199211,1.25061
15,0.199211,1.25061
15,0.199211,1.25061
15,0.199211,1.25061
15,0.199211,1.25061
15,0.442338,-0.620098
15,0.199211,1.25061
15,0.199211,1.25061
15,0.199211,1.25061
15,0.262098,1.03208
15,0.199211,1.25061
15,0.199211,1.25061
15,0.199211,1.25061
15,0.589073,-0.672834
15,0.199211,1.25061
15,0.199211,1.25061
15,0.199211,1.25061
15,-0.565685,-0.913196
15,-0.78069,-1.70967
15,0.199211,1.25061
15,0.199211,1.25061
15,-0.608637,-1.07466
15,0.199211,1.25061
15,0.199211,1.25061
15,0.199211,1.25061
15,0.199211,1.25061
15,0.199211,1.25061
15,0.199211,1.25061
15,0.199211,1.25061
16,1.06203,-0.477807
16,0.199211,1.25061
16,0.199211,1.25061
16,0.199211,1.25061
16,0.199211,1.25061
16,0.199211,1.25061
16,0.199211,1.25061
16,0.199211,1.25061
16,0.199211,1.25061
16,0.199211,1.25061
16,0.199211,1.25061
16,0.199211,1.25061
16,0.659716,-0.241642
16,-0.0517243,-1.9018
16,0.199211,1.25061
16,-0.771652,-1.71035
16,0.199211,1.25061
16,0.199211,1.25061
16,0.199211,1.25061
16,-0.398227,-1.5748
16,0.0343253,-0.389762
16,0.582094,-0.706613
16,0.199211,1.25061
16,0.199211,1.25061
16,-0.0368124,-1.65183
16,0.199211,1.25061
16,0.199211,1.25061
16,-0.0178715,-1.32037
16,0.199211,1.25061
16,0.27843,0.911801
16,0.199211,1.25061
16,0.199211,1.25061
16,0.199211,1.25061
16,0.199211,1.25061
16,0.199211,1.25061
16,0.199211,1.25061
16,0.199211,1.25061
16,0.199211,1.25061
16,0.199211,1.25061
16,-0.230272,-3.14409
16,0.16128,1.15266
16,0.199211,1.25061
16,0.199211,1.25061
16,0.199211,1.25061
16,0.199211,1.25061
16,0.199211,1.25061
16,0.199211,1.25061
16,0.199211,1.25061
16,0.199211,1.25061
16,0.709887,0.059268
17,0.199211,1.25061
17,0.199211,1.25061
17,0.199211,1.25061
17,0.199211,1.25061
17,0.199211,1.25061
17,0.199211,1.25061
17,0.199211,1.25061
17,-0.327853,-2.34243
17,0.199211,1.25061
17,0.199211,1.25061
17,0.199211,1.25061
17,0.199211,1.25061
17,0.199211,1.25061
17,0.199211,1.25061
17,0.199211,1.25061
17,0.199211,1.25061
17,-0.296998,-2.66445
17,0.199211,1.25061
17,0.199211,1.25061
17,0.935866,-0.191401
17,0.590864,-0.663771
17,0.199211,1.25061
17,0.199211,1.25061
17,0.199211,1.25061
17,0.199211,1.25061
17,0.16128,1.15266
17,0.199211,1.25061
17,0.199211,1.25061
17,0.709887,0.059268
17,0.78727,0.294099
17,0.199211,1.25061
17,0.490069,-0.834226
17,0.199211,1.25061
17,0.199211,1.25061
17,0.199211,1.25061
17,0.16128,1.15266
17,0.199211,1.25061
17,0.199211,1.25061
17,0.199211,1.25061
17,0.199211,1.25061
17,0.199211,1.25061
17,0.199211,1.25061
17,0.0681108,0.165158
17,0.199211,1.25061
17,0.199211,1.25061
17,0.199211,1.25061
17,0.199211,1.25061
17,1.15633,0.10039
17,-0.0240186,-1.42923
17,0.199211,1.25061
18,0.199211,1.25061
18,0.199211,1.25061
18,0.199211,1.25061
18,-0.313809,-2.49359
18,0.199211,1.25061
18,0.199211,1.25061
18,0.199211,1.25061
18,0.199211,1.25061
18,0.199211,1.25061
18,0.199211,1.25061
18,0.199211,1.25061
18,0.199211,1.25061
18,0.199211,1.25061
18,0.942711,-0.225667
18,0.199211,1.25061
18,0.199211,1.25061
18,0.199211,1.25061
18,0.199211,1.25061
18,0.199211,1.25061
18,0.199211,1.25061
18,0.199211,1.25061
18,0.199211,1.25061
18,0.199211,1.25061
18,-0.722184,-1.62022
18,-0.577617,-0.94862
18,0.199211,1.25061
18,-0.554162,-0.887497
18,0.199211,1.25061
18,-0.0253434,-1.45255
18,0.0917541,0.503931
18,0.199211,1.25061
18,0.199211,1.25061
18,0.199211,1.25061
18,-0.768774,-1.70939
18,0.199211,1.25061
18,-0.66134,-1.34726
18,0.199211,1.25061
18,0.0669081,0.146672
18,0.0681108,0.165158
18,0.199211,1.25061
18,0.199211,1.25061
18,0.373978,-0.0319742
18,0.199211,1.25061
18,0.63054,-0.431591
18,0.199211,1.25061
18,0.199211,1.25061
18,0.199211,1.25061
18,0.199211,1.25061
18,0.199211,1.25061
18,0.199211,1.25061
19,0.199211,1.25061
19,0.199211,1.25061
19,0.199211,1.25061
19,0.199211,1.25061
19,0.199211,1.25061
19,0.702849,0.0217679
19,0.199211,1.25061
19,-0.435588,-1.23845
19,0.199211,1.25061
19,0.199211,1.25061
19,0.199211,1.25061
19,0.199211,1.25061
19,0.199211,1.25061
19,-0.0309726,-1.55099
19,-0.550094,-0.880591
19,-0.221893,-3.17353
19,0.372382,-0.0157089
19,0.199211,1.25061
19,0.199211,1.25061
19,0.199211,1.25061
19,0.199211,1.25061
19,0.199211,1.25061
19,0.199211,1.25061
19,0.406114,-0.340201
19,0.199211,1.25061
19,0.199211,1.25061
19,0.199211,1.25061
19,-0.753407,-1.69495
19,0.199211,1.25061
19,0.474059,-0.784123
19,0.0917541,0.503931
19,0.199211,1.25061
19,0.199211,1.25061
19,-0.109277,-2.70844
19,-0.434878,-1.24401
19,0.199211,1.25061
19,-0.0916364,-2.49398
19,0.199211,1.25061
19,0.199211,1.25061
19,0.199211,1.25061
19,0.50767,-0.863162
19,0.433184,-0.557844
19,0.199211,1.25061
19,0.510066,-0.864993
19,0.651424,-0.295846
19,-0.378652,-1.77912
19,0.199211,1.25061
19,0.199211,1.25061
19,0.199211,1.25061
19,0.199211,1.25061
20,1.05875,-0.48434
20,-0.620139,-1.13058
20,0.199211,1.25061
20,0.199211,1.25061
20,1.06943,-0.459639
20,0.78793,0.294468
20,0.199211,1.25061
20,0.7549,0.240348
20,0.199211,1.25061
20,0.199211,1.25061
20,0.199211,1.25061
20,0.199211,1.25061
20,0.199211,1.25061
20,0.199211,1.25061
20,0.199211,1.25061
20,0.199211,1.25061
20,0.199211,1.25061
20,0.199211,1.25061
20,0.0917541,0.503931
20,0.0104881,-0.811394
20,0.199211,1.25061
20,0.385457,-0.146769
20,0.199211,1.25061
20,-0.562659,-0.905599
20,0.477959,-0.798407
20,0.199211,1.25061
20,0.199211,1.25061
20,0.199211,1.25061
20,-0.37048,-1.86807
20,0.199211,1.25061
20,0.199211,1.25061
20,0.651424,-0.295846
20,0.199211,1.25061
20,0.199211,1.25061
20,0.199211,1.25061
20,0.199211,1.25061
20,0.199211,1.25061
20,0.199211,1.25061
20,-0.234155,-3.12775
20,0.199211,1.25061
20,0.199211,1.25061
20,0.199211,1.25061
20,0.973206,-0.36435
20,0.199211,1.25061
20,0.199211,1.25061
20,0.199211,1.25061
20,0.199211,1.25061
20,0.199211,1.25061
20,0.199211,1.25061
20,0.199211,1.25061
21,0.199211,1.25061
21,0.199211,1.25061
21,0.685054,-0.0812185
21,0.199211,1.25061
21,0.199211,1.25061
21,0.199211,1.25061
21,0.199211,1.25061
21,0.199211,1.25061
21,0.199211,1.25061
21,0.78793,0.294468
21,0.622819,-0.480381
21,0.7549,0.240348
21,0.199211,1.25061
21,0.137314,0.994923
21,-0.35216,-2.07182
21,-0.699333,-1.53283
21,0.199211,1.25061
21,0.199211,1.25061
21,0.199211,1.25061
21,0.199211,1.25061
21,0.199211,1.25061
21,0.040732,-0.279681
21,0.199211,1.25061
21,0.472172,-0.776739
21,0.199211,1.25061
21,0.199211,1.25061
21,0.199211,1.25061
21,0.199211,1.25061
21,0.199211,1.25061
21,0.199211,1.25061
21,0.0118734,-0.78655
21,0.199211,1.25061
21,0.199211,1.25061
21,0.199211,1.25061
21,1.14646,0.00767776
21,0.199211,1.25061
21,0.199211,1.25061
21,0.199211,1.25061
21,0.158772,1.13961
21,1.14182,-0.0337239
21,0.199211,1.25061
21,0.199211,1.25061
21,0.199211,1.25061
21,0.302127,0.704346
21,0.199211,1.25061
21,0.199211,1.25061
21,0.199211,1.25061
21,0.199211,1.25061
21,0.984185,-0.405755
21,0.199211,1.25061
22,0.199211,1.25061
22,0.199211,1.25061
22,-0.598901,-1.03065
22,0.199211,1.25061
22,0.199211,1.25061
22,0.199211,1.25061
22,0.186872,1.2391
22,0.199211,1.25061
22,0.199211,1.25061
22,0.199211,1.25061
22,0.394529,-0.234115
22,0.199211,1.25061
22,0.199211,1.25061
22,0.199211,1.25061
22,0.199211,1.25061
22,0.199211,1.25061
22,0.199211,1.25061
22,0.199211,1.25061
22,0.199211,1.25061
22,-0.0814488,-2.35571
22,0.199211,1.25061
22,0.199211,1.25061
22,0.199211,1.25061
22,-0.756216,-1.69875
22,0.199211,1.25061
22,0.199211,1.25061
22,0.199211,1.25061
22,0.199211,1.25061
22,0.199211,1.25061
22,0.199211,1.25061
22,-0.633745,-1.2006
22,0.199211,1.25061
22,0.199211,1.25061
22,0.199211,1.25061
22,0.199211,1.25061
22,0.199211,1.25061
22,0.199211,1.25061
22,0.199211,1.25061
22,0.199211,1.25061
22,0.199211,1.25061
22,0.199211,1.25061
22,0.199211,1.25061
22,1.05478,-0.491007
22,0.199211,1.25061
22,1.12898,-0.140325
22,0.199211,1.25061
22,0.199211,1.25061
22,0.199211,1.25061
22,-0.181072,-3.19426
22,0.199211,1.25061
23,0.199211,1.25061
23,0.199211,1.25061
23,0.199211,1.25061
23,0.199211,1.25061
23,0.199211,1.25061
23,0.166936,1.17909
23,0.199211,1.25061
23,0.199211,1.25061
23,0.199211,1.25061
23,0.295966,0.761435
23,0.199211,1.25061
23,0.199211,1.25061
23,0.636188,-0.395269
23,0.199211,1.25061
23,0.199211,1.25061
23,0.199211,1.25061
23,0.863892,0.154518
23,-0.756869,-1.69956
23,1.12898,-0.140325
23,0.199211,1.25061
23,-0.0720163,-2.21923
23,0.199211,1.25061
23,0.199211,1.25061
23,1.15463,0.0839568
23,-0.290093,-2.73037
23,0.199211,1.25061
23,1.02444,-0.498713
23,0.504238,-0.859665
23,0.199211,1.25061
23,0.199211,1.25061
23,0.320831,0.520809
23,0.199211,1.25061
23,0.199211,1.25061
23,0.199211,1.25061
23,0.199211,1.25061
23,0.424836,-0.495802
23,0.199211,1.25061
23,-0.301941,-2.61562
23,0.199211,1.25061
23,0.199211,1.25061
23,0.199211,1.25061
23,0.0369386,-0.344644
23,0.7444,0.208377
23,0.199211,1.25061
23,0.199211,1.25061
23,0.199211,1.25061
23,0.199211,1.25061
23,-0.022737,-1.40661
23,0.199211,1.25061
23,0.0721882,0.226991
24,0.136511,0.988374
24,0.199211,1.25061
24,1.11359,-0.251532
24,0.229321,1.20019
24,0.199211,1.25061
24,1.07057,-0.456404
24,0.199211,1.25061
24,0.199211,1.25061
24,-0.497245,-0.90847
24,0.199211,1.25061
24,-0.0463141,-1.81251
24,0.199211,1.25061
24,0.199211,1.25061
24,0.199211,1.25061
24,0.199211,1.25061
24,-0.262643,-2.95983
24,0.199211,1.25061
24,0.199211,1.25061
24,1.1758,0.2997
24,0.139956,1.01589
24,0.199211,1.25061
24,0.199211,1.25061
24,0.199211,1.25061
24,0.199211,1.25061
24,0.199211,1.25061
24,0.199211,1.25061
24,0.199211,1.25061
24,0.00451089,-0.918812
24,0.199211,1.25061
24,0.199211,1.25061
24,0.199211,1.25061
24,-0.147057,-3.04631
24,0.7444,0.208377
24,-0.652308,-1.29932
24,0.199211,1.25061
24,1.26714,1.34515
24,0.199211,1.25061
24,0.34846,0.233478
24,0.199211,1.25061
24,0.155026,1.1186
24,-0.357907,-2.00751
24,0.840973,0.231679
24,0.199211,1.25061
24,0.199211,1.25061
24,0.295966,0.761435
24,0.0097626,-0.824415
24,0.199211,1.25061
24,0.199211,1.25061
24,0.199211,1.25061
24,0.199211,1.25061
25,0.753541,0.236597
25,0.199211,1.25061
25,0.199211,1.25061
25,1.26714,1.34515
25,0.199211,1.25061
25,0.705494,0.0361014
25,0.199211,1.25061
25,0.199211,1.25061
25,0.199211,1.25061
25,0.199211,1.25061
25,1.06189,-0.478111
25,0.199211,1.25061
25,0.453267,-0.685965
25,0.199211,1.25061
25,1.58827,-0.295907
25,1.13276,-0.110196
25,-0.396126,-1.596
25,0.199211,1.25061
25,0.155026,1.1186
25,1.15304,0.0687571
25,0.199211,1.25061
25,0.199211,1.25061
25,0.199211,1.25061
25,0.199211,1.25061
25,0.199211,1.25061
25,0.50183,-0.856592
25,0.199211,1.25061
25,0.199211,1.25061
25,0.233548,1.18471
25,1.26714,1.34515
25,0.229321,1.20019
25,0.199211,1.25061
25,0.199211,1.25061
25,0.199211,1.25061
25,0.199211,1.25061
25,0.199211,1.25061
25,0.199211,1.25061
25,0.199211,1.25061
25,0.199211,1.25061
25,0.199211,1.25061
25,0.199211,1.25061
25,0.199211,1.25061
25,0.199211,1.25061
25,0.199211,1.25061
25,0.199211,1.25061
25,0.199211,1.25061
25,0.199211,1.25061
25,0.199211,1.25061
25,0.199211,1.25061
25,0.199211,1.25061
26,0.199211,1.25061
26,0.199211,1.25061
26,0.199211,1.25061
26,0.781654,0.289774
26,0.535475,-0.854251
26,0.199211,1.25061
26,0.199211,1.25061
26,1.26714,1.34515
26,1.26714,1.34515
26,0.199211,1.25061
26,1.26714,1.34515
26,0.128036,0.914442
26,1.26714,1.34515
26,0.199211,1.25061
26,1.26714,1.34515
26,0.199211,1.25061
26,1.26714,1.34515
26,0.199211,1.25061
26,1.14099,-0.0410129
26,0.199211,1.25061
26,0.199211,1.25061
26,1.26714,1.34515
26,0.199211,1.25061
26,1.26714,1.34515
26,0.199211,1.25061
26,0.545794,-0.834848
26,0.89174,0.0320357
26,0.199211,1.25061
26,0.199211,1.25061
26,0.199211,1.25061
26,0.199211,1.25061
26,0.199211,1.25061
26,0.199211,1.25061
26,0.0920107,0.507327
26,1.26714,1.34515
26,0.199211,1.25061
26,0.199211,1.25061
26,1.26714,1.34515
26,0.199211,1.25061
26,1.26714,1.34515
26,0.199211,1.25061
26,0.199211,1.25061
26,0.199211,1.25061
26,0.690653,-0.0476989
26,0.199211,1.25061
26,0.966758,-0.337578
26,1.02647,-0.500478
26,0.199211,1.25061
26,0.199211,1.25061
26,0.199211,1.25061
27,0.418858,-0.448471
27,1.26714,1.34515
27,0.199211,1.25061
27,0.199211,1.25061
27,0.169934,1.19142
27,0.199211,1.25061
27,0.199211,1.25061
27,1.11466,-0.244378
27,1.26714,1.34515
27,0.673928,-0.150231
27,1.71169,-1.87281
27,0.317608,0.553341
27,2.2193,0.122
27,2.10475,0.504541
27,2.19856,0.227268
27,1.26714,1.34515
27,1.26714,1.34515
27,0.199211,1.25061
27,1.26714,1.34515
27,1.26714,1.34515
27,1.26714,1.34515
27,1.26714,1.34515
27,0.199211,1.25061
27,-0.743082,-1.67666
27,1.26714,1.34515
27,-0.558179,-0.895449
27,1.26714,1.34515
27,1.26714,1.34515
27,0.199211,1.25061
27,-0.180552,-3.19314
27,1.26714,1.34515
27,1.26714,1.34515
27,0.730709,0.156823
27,0.199211,1.25061
27,0.199211,1.25061
27,1.26714,1.34515
27,0.199211,1.25061
27,1.26714,1.34515
27,0.199211,1.25061
27,1.26714,1.34515
27,1.26714,1.34515
27,0.199211,1.25061
27,0.199211,1.25061
27,0.199211,1.25061
27,1.26714,1.34515
27,0.199211,1.25061
27,0.199211,1.25061
27,1.26714,1.34515
27,1.26714,1.34515
27,0.199211,1.25061
28,0.199211,1.25061
28,1.26714,1.34515
28,1.792,-1.98056
28,0.882471,0.0755428
28,1.26714,1.34515
28,1.94593,-0.520389
28,1.26714,1.34515
28,1.26714,1.34515
28,1.35926,2.01083
28,1.26714,1.34515
28,0.199211,1.25061
28,1.26714,1.34515
28,0.199211,1.25061
28,-0.612007,-1.09065
28,1.26714,1.34515
28,0.199211,1.25061
28,0.16291,1.16071
28,0.199211,1.25061
28,1.26714,1.34515
28,1.26714,1.34515
28,1.26714,1.34515
28,1.26714,1.34515
28,1.26714,1.34515
28,1.26714,1.34515
28,-0.221158,-3.17572
28,1.68996,-1.70179
28,1.26714,1.34515
28,-0.597941,-1.0265
28,0.358689,0.126055
28,1.26714,1.34515
28,1.26714,1.34515
28,0.199211,1.25061
28,1.26714,1.34515
28,1.26714,1.34515
28,1.26714,1.34515
28,1.39256,2.02631
28,1.06532,-0.47033
28,0.199211,1.25061
28,0.199211,1.25061
28,1.26714,1.34515
28,1.26714,1.34515
28,1.26714,1.34515
28,1.26714,1.34515
28,0.199211,1.25061
28,1.26714,1.34515
28,1.26714,1.34515
28,1.26714,1.34515
28,1.26714,1.34515
28,0.199211,1.25061
28,1.26714,1.34515
29,1.26714,1.34515
29,1.26714,1.34515
29,1.26714,1.34515
29,1.26714,1.34515
29,1.26714,1.34515
29,1.26714,1.34515
29,0.199211,1.25061
29,1.26714,1.34515
29,0.51221,-0.866207
29,1.26714,1.34515
29,1.26714,1.34515
29,1.26714,1.34515
29,0.881216,0.0812507
29,0.78563,0.293055
29,0.790138,0.295489
29,1.26714,1.34515
29,1.26714,1.34515
29,1.26714,1.34515
29,1.26714,1.34515
29,1.26714,1.34515
29,1.26714,1.34515
29,1.26714,1.34515
29,0.199211,1.25061
29,1.26714,1.34515
29,1.26714,1.34515
29,1.26714,1.34515
29,0.386303,-0.155049
29,1.68044,-1.60917
29,1.26714,1.34515
29,1.26714,1.34515
29,1.39256,2.02631
29,0.309119,0.637344
29,1.26714,1.34515
29,1.26714,1.34515
29,1.26714,1.34515
29,1.26714,1.34515
29,2.01444,0.154534
29,1.26714,1.34515
29,1.26714,1.34515
29,1.26714,1.34515
29,1.62983,-0.962263
29,1.42849,1.88188
29,1.26714,1.34515
29,1.26714,1.34515
29,1.26714,1.34515
29,1.39256,2.02631
29,1.26714,1.34515
29,1.26714,1.34515
29,1.26714,1.34515
29,1.26714,1.34515
30,1.26714,1.34515
30,1.26714,1.34515
30,1.26714,1.34515
30,0.762088,0.258236
30,1.73921,-2.00354
30,1.26714,1.34515
30,0.602254,-0.602708
30,1.26714,1.34515
30,1.39256,2.02631
30,1.26714,1.34515
30,1.42849,1.88188
30,1.42849,1.88188
30,0.415669,-0.422286
30,1.26714,1.34515
30,1.39256,2.02631
30,1.26714,1.34515
30,1.26714,1.34515
30,0.411907,-0.3906
30,1.26714,1.34515
30,1.26714,1.34515
30,1.26714,1.34515
30,1.26714,1.34515
30,1.42849,1.88188
30,1.26714,1.34515
30,1.26714,1.34515
30,0.790138,0.295489
30,1.26714,1.34515
30,2.00373,0.0678144
30,1.39256,2.02631
30,1.26714,1.34515
30,1.26714,1.34515
30,1.26714,1.34515
30,1.26714,1.34515
30,0.826325,0.266479
30,1.22966,0.918303
30,1.26714,1.34515
30,1.26714,1.34515
30,1.26714,1.34515
30,1.12835,-0.145237
30,1.26714,1.34515
30,1.26714,1.34515
30,1.26714,1.34515
30,1.39256,2.02631
30,1.96878,-0.267842
30,1.26714,1.34515
30,1.26714,1.34515
30,1.26714,1.34515
30,2.1628,0.386111
30,1.26714,1.34515
30,1.26714,1.34515
31,1.26714,1.34515
31,0.674581,-0.146105
31,0.726883,0.140541
31,1.42849,1.88188
31,1.42849,1.88188
31,0.613723,-0.536088
31,1.26714,1.34515
31,1.39256,2.02631
31,1.42849,1.88188
31,1.39256,2.02631
31,2.07463,0.466228
31,1.42849,1.88188
31,1.26714,1.34515
31,0.459379,-0.7186
31,0.790138,0.295489
31,1.39256,2.02631
31,2.22125,0.111914
31,1.39783,2.01567
31,1.06061,-0.48075
31,1.26714,1.34515
31,1.26714,1.34515
31,0.762088,0.258236
31,1.26714,1.34515
31,1.26714,1.34515
31,0.751957,0.232077
31,1.39256,2.02631
31,1.89994,-1.05867
31,1.39256,2.02631
31,0.446514,-0.64638
31,1.26714,1.34515
31,2.17498,0.336949
31,1.42849,1.88188
31,1.74762,-2.0238
31,1.26714,1.34515
31,1.39256,2.02631
31,1.26714,1.34515
31,1.26714,1.34515
31,1.26714,1.34515
31,1.26714,1.34515
31,1.42849,1.88188
31,1.42849,1.88188
31,1.39256,2.02631
31,1.52737,0.721666
31,1.39256,2.02631
31,1.07242,-0.450937
31,1.39256,2.02631
31,1.47307,1.47889
31,1.26714,1.34515
31,1.26714,1.34515
31,1.39256,2.02631
32,1.39256,2.02631
32,0.919122,-0.105654
32,1.26714,1.34515
32,2.04953,0.374162
32,1.42849,1.88188
32,1.26714,1.34515
32,1.39256,2.02631
32,1.42849,1.88188
32,2.22125,0.111914
32,1.26714,1.34515
32,1.39256,2.02631
32,2.19683,0.235796
32,1.39256,2.02631
32,1.42849,1.88188
32,1.39256,2.02631
32,0.65399,-0.279042
32,1.42849,1.88188
32,1.26714,1.34515
32,1.26714,1.34515
32,1.61179,-0.682929
32,1.6544,-1.3058
32,0.979492,-0.388749
32,1.39783,2.01567
32,1.39256,2.02631
32,1.39256,2.02631
32,1.39783,2.01567
32,1.39783,2.01567
32,1.39256,2.02631
32,1.26714,1.34515
32,1.26714,1.34515
32,1.0691,-0.460562
32,0.393065,-0.220248
32,1.39783,2.01567
32,1.39256,2.02631
32,0.897385,0.00453846
32,1.26714,1.34515
32,1.42849,1.88188
32,1.39256,2.02631
32,0.866388,0.144661
32,1.09945,-0.33652
32,1.42849,1.88188
32,1.42849,1.88188
32,1.52737,0.721666
32,1.42849,1.88188
32,1.39256,2.02631
32,1.26714,1.34515
32,1.26714,1.34515
32,1.42849,1.88188
32,1.42849,1.88188
32,1.26714,1.34515
33,1.26714,1.34515
33,2.19683,0.235796
33,0.466329,-0.751915
33,1.91245,-0.912184
33,1.42849,1.88188
33,1.41824,1.9402
33,1.39256,2.02631
33,2.12741,0.485151
33,1.39783,2.01567
33,1.42849,1.88188
33,1.42849,1.88188
33,1.39256,2.02631
33,1.26714,1.34515
33,1.39256,2.02631
33,1.39256,2.02631
33,1.39256,2.02631
33,1.39256,2.02631
33,1.39783,2.01567
33,1.39256,2.02631
33,2.22125,0.111914
33,1.39256,2.02631
33,0.864695,0.151377
33,1.71552,-1.89686
33,1.39256,2.02631
33,1.39256,2.02631
33,2.28374,-0.177281
33,1.39783,2.01567
33,1.39783,2.01567
33,1.39783,2.01567
33,1.39256,2.02631
33,1.85918,-1.50314
33,1.39256,2.02631
33,1.42849,1.88188
33,1.39256,2.02631
33,1.94597,-0.5199
33,1.42849,1.88188
33,1.42849,1.88188
33,1.39256,2.02631
33,1.89304,-1.13825
33,1.39256,2.02631
33,1.39256,2.02631
33,1.39256,2.02631
33,1.39256,2.02631
33,1.39256,2.02631
33,1.53453,0.60688
33,1.39783,2.01567
33,1.39256,2.02631
33,1.39783,2.01567
33,1.39256,2.02631
33,1.26714,1.34515
34,1.39256,2.02631
34,1.39783,2.01567
34,1.39256,2.02631
34,1.39256,2.02631
34,1.39256,2.02631
34,1.39256,2.02631
34,1.31701,1.80153
34,1.39256,2.02631
34,1.39256,2.02631
34,1.39256,2.02631
34,1.6476,-1.21565
34,1.39256,2.02631
34,1.39783,2.01567
34,1.39256,2.02631
34,1.39256,2.02631
34,1.3101,1.74981
34,1.39256,2.02631
34,1.39256,2.02631
34,1.39256,2.02631
34,1.39256,2.02631
34,1.41294,1.96502
34,1.16238,0.16016
34,1.39256,2.02631
34,1.39256,2.02631
34,1.39783,2.01567
34,1.39256,2.02631
34,1.39256,2.02631
34,1.39256,2.02631
34,1.39256,2.02631
34,1.39256,2.02631
34,1.39256,2.02631
34,1.26714,1.34515
34,2.33825,-0.294783
34,1.39256,2.02631
34,2.29203,-0.205773
34,1.39256,2.02631
34,1.39256,2.02631
34,1.39256,2.02631
34,1.39256,2.02631
34,1.39256,2.02631
34,1.39256,2.02631
34,1.39256,2.02631
34,1.39256,2.02631
34,2.21776,0.129898
34,0.505794,-0.861378
34,1.28464,1.52502
34,1.39256,2.02631
34,2.27842,-0.157327
34,1.39256,2.02631
34,1.48285,1.36108
35,0.498804,-0.852007
35,1.56333,0.126761
35,1.39256,2.02631
35,1.39256,2.02631
35,1.39256,2.02631
35,1.39256,2.02631
35,1.39256,2.02631
35,1.39256,2.02631
35,1.51473,0.917768
35,1.39256,2.02631
35,1.39256,2.02631
35,1.39256,2.02631
35,0.932898,-0.176345
35,1.39256,2.02631
35,1.9149,-0.88329
35,1.39256,2.02631
35,1.36464,2.02279
35,1.97002,-0.254772
35,1.39256,2.02631
35,1.42692,1.89166
35,1.39256,2.02631
35,1.39256,2.02631
35,0.775596,0.282733
35,1.39256,2.02631
35,1.54941,0.36157
35,1.39256,2.02631
35,1.43351,1.84844
35,1.39256,2.02631
35,1.39256,2.02631
35,1.39256,2.02631
35,1.39256,2.02631
35,1.39256,2.02631
35,1.39256,2.02631
35,1.39256,2.02631
35,1.39256,2.02631
35,1.39256,2.02631
35,1.39256,2.02631
35,1.76652,-2.03575
35,1.3101,1.74981
35,1.39256,2.02631
35,1.68935,-1.69611
35,0.965052,-0.330223
35,1.39256,2.02631
35,1.39256,2.02631
35,1.39256,2.02631
35,1.39256,2.02631
35,1.39256,2.02631
35,1.39256,2.02631
35,1.11742,-0.225613
35,1.39256,2.02631
36,1.39256,2.02631
36,1.39256,2.02631
36,1.39256,2.02631
36,1.39256,2.02631
36,1.39256,2.02631
36,1.39256,2.02631
36,1.39256,2.02631
36,1.39256,2.02631
36,1.39256,2.02631
36,1.13052,-0.128142
36,0.775596,0.282733
36,1.41869,1.93792
36,1.74259,-2.0128
36,1.13152,-0.120224
36,1.39256,2.02631
36,1.39256,2.02631
36,1.39256,2.02631
36,1.39256,2.02631
36,1.75478,-2.03377
36,1.39256,2.02631
36,1.39256,2.02631
36,1.39256,2.02631
36,1.39256,2.02631
36,2.34576,-0.296612
36,1.39256,2.02631
36,1.90373,-1.01458
36,1.39256,2.02631
36,1.39256,2.02631
36,1.39256,2.02631
36,2.29811,-0.224512
36,1.39256,2.02631
36,1.39256,2.02631
36,1.39256,2.02631
36,1.39256,2.02631
36,1.39256,2.02631
36,1.39256,2.02631
36,1.39256,2.02631
36,1.39256,2.02631
36,1.39256,2.02631
36,1.39256,2.02631
36,1.39256,2.02631
36,1.39256,2.02631
36,1.39256,2.02631
36,1.39256,2.02631
36,0.467529,-0.757255
36,1.11742,-0.225613
36,1.39256,2.02631
36,1.54917,0.36551
36,1.87108,-1.38106
36,1.39256,2.02631
37,1.39256,2.02631
37,0.711051,0.0652701
37,2.33832,-0.294818
37,1.39256,2.02631
37,1.39256,2.02631
37,1.39256,2.02631
37,1.39256,2.02631
37,1.39256,2.02631
37,1.39256,2.02631
37,1.15551,0.0924695
37,0.569251,-0.76172
37,1.39256,2.02631
37,1.39256,2.02631
37,1.39256,2.02631
37,1.39256,2.02631
37,2.09008,0.495481
37,1.39256,2.02631
37,1.39256,2.02631
37,1.39256,2.02631
37,1.39256,2.02631
37,1.76835,-2.03446
37,1.39256,2.02631
37,1.06932,-0.459954
37,1.39256,2.02631
37,1.39256,2.02631
37,1.39256,2.02631
37,1.39256,2.02631
37,1.39256,2.02631
37,1.89295,-1.13937
37,1.39256,2.02631
37,1.43021,1.87077
37,1.39256,2.02631
37,1.39256,2.02631
37,1.39256,2.02631
37,1.39256,2.02631
37,1.39256,2.02631
37,1.39256,2.02631
37,1.39256,2.02631
37,1.39256,2.02631
37,1.39256,2.02631
37,1.39256,2.02631
37,1.39256,2.02631
37,1.39256,2.02631
37,1.18789,0.432287
37,1.7176,-1.90909
37,1.39256,2.02631
37,1.39256,2.02631
37,1.39256,2.02631
37,1.39256,2.02631
37,1.21199,0.710023
38,1.39256,2.02631
38,1.39256,2.02631
38,1.32934,1.88245
38,1.58286,-0.204659
38,1.39256,2.02631
38,1.64975,-1.24458
38,1.39256,2.02631
38,1.67782,-1.5818
38,1.39256,2.02631
38,0.862333,0.160544
38,0.827838,0.263462
38,1.39256,2.02631
38,1.21174,0.707058
38,1.39256,2.02631
38,1.39256,2.02631
38,1.39256,2.02631
38,1.39256,2.02631
38,1.39256,2.02631
38,1.39256,2.02631
38,1.39256,2.02631
38,1.39256,2.02631
38,1.39256,2.02631
38,1.39256,2.02631
38,0.716084,0.0905074
38,1.39256,2.02631
38,1.39256,2.02631
38,1.39256,2.02631
38,1.39256,2.02631
38,1.39256,2.02631
38,1.25444,1.20518
38,1.39256,2.02631
38,1.39256,2.02631
38,1.39256,2.02631
38,1.39256,2.02631
38,2.08527,0.488579
38,1.39256,2.02631
38,1.39256,2.02631
38,2.10436,0.504528
38,1.39256,2.02631
38,1.39256,2.02631
38,1.68364,-1.64146
38,1.39256,2.02631
38,1.18789,0.432287
38,1.39256,2.02631
38,1.39256,2.02631
38,1.39256,2.02631
38,1.39256,2.02631
38,1.39256,2.02631
38,1.39256,2.02631
38,1.93114,-0.69191
39,1.39256,2.02631
39,1.39256,2.02631
39,0.778425,0.286328
39,1.39256,2.02631
39,1.39256,2.02631
39,1.39256,2.02631
39,1.39256,2.02631
39,0.596637,-0.63353
39,1.39256,2.02631
39,1.39256,2.02631
39,1.39256,2.02631
39,1.39256,2.02631
39,1.39256,2.02631
39,1.39256,2.02631
39,0.764849,0.264221
39,1.39256,2.02631
39,1.39256,2.02631
39,1.39256,2.02631
39,1.39256,2.02631
39,1.39256,2.02631
39,1.39256,2.02631
39,1.39256,2.02631
39,1.39256,2.02631
39,1.39256,2.02631
39,1.67505,-1.55214
39,1.39256,2.02631
39,1.39256,2.02631
39,1.98425,-0.110208
39,1.6788,-1.59209
39,1.39256,2.02631
39,1.39256,2.02631
39,1.39256,2.02631
39,1.39256,2.02631
39,1.88065,-1.27768
39,1.39256,2.02631
39,1.39256,2.02631
39,1.81855,-1.84302
39,1.39256,2.02631
39,1.39256,2.02631
39,1.39256,2.02631
39,1.43419,1.84364
39,1.09637,-0.352806
39,1.39256,2.02631
39,1.39256,2.02631
39,1.39256,2.02631
39,1.39256,2.02631
39,1.39256,2.02631
39,1.28482,1.52678
39,1.39256,2.02631
39,0.564341,-0.780133
40,1.39256,2.02631
40,1.03704,-0.504536
40,1.39256,2.02631
40,1.39256,2.02631
40,1.99998,0.0355682
40,1.39256,2.02631
40,1.39256,2.02631
40,1.39256,2.02631
40,1.39256,2.02631
40,1.16663,0.203313
40,1.39256,2.02631
40,1.39256,2.02631
40,1.39256,2.02631
40,1.39256,2.02631
40,1.39256,2.02631
40,1.39256,2.02631
40,1.39256,2.02631
40,1.39256,2.02631
40,1.39256,2.02631
40,1.39256,2.02631
40,1.39256,2.02631
40,1.39256,2.02631
40,1.39256,2.02631
40,1.12312,-0.18487
40,1.39256,2.02631
40,1.39256,2.02631
40,1.98425,-0.110208
40,1.39256,2.02631
40,1.11663,-0.231052
40,1.39256,2.02631
40,1.39256,2.02631
40,1.39256,2.02631
40,1.39256,2.02631
40,1.39256,2.02631
40,1.39256,2.02631
40,1.3514,1.98707
40,1.39256,2.02631
40,1.24461,1.09298
40,1.39256,2.02631
40,1.39256,2.02631
40,1.39256,2.02631
40,1.26667,1.34008
40,1.39256,2.02631
40,1.39256,2.02631
40,1.39256,2.02631
40,1.80077,-1.94364
40,1.39256,2.02631
40,1.39256,2.02631
40,1.39256,2.02631
40,1.39256,2.02631
41,1.39256,2.02631
41,1.39256,2.02631
41,1.39256,2.02631
41,1.39256,2.02631
41,1.214,0.733576
41,1.39256,2.02631
41,1.39256,2.02631
41,1.39256,2.02631
41,1.39256,2.02631
41,1.39256,2.02631
41,0.686561,-0.0721079
41,1.49459,1.20752
41,1.07048,-0.456674
41,1.39256,2.02631
41,1.39256,2.02631
41,1.39256,2.02631
41,1.39256,2.02631
41,1.71081,-1.867
41,1.39256,2.02631
41,1.39256,2.02631
41,1.39256,2.02631
41,1.39256,2.02631
41,1.39256,2.02631
41,1.90696,-0.97672
41,1.39256,2.02631
41,1.39256,2.02631
41,1.39256,2.02631
41,1.39256,2.02631
41,0.538268,-0.84982
41,1.39256,2.02631
41,1.34639,1.96808
41,1.18835,0.437518
41,1.39256,2.02631
41,1.77635,-2.02391
41,1.39256,2.02631
41,1.39256,2.02631
41,2.02252,0.214077
41,1.09644,-0.352435
41,1.39256,2.02631
41,1.39256,2.02631
41,1.39256,2.02631
41,1.39256,2.02631
41,1.60321,-0.544081
41,1.39256,2.02631
41,1.39256,2.02631
41,1.39256,2.02631
41,1.39256,2.02631
41,1.39256,2.02631
41,1.39256,2.02631
41,0.834564,0.248416
42,1.39256,2.02631
42,1.39256,2.02631
42,0.715605,0.0881562
42,1.39256,2.02631
42,1.39256,2.02631
42,1.39256,2.02631
42,1.39256,2.02631
42,1.39256,2.02631
42,1.39256,2.02631
42,1.39256,2.02631
42,1.39256,2.02631
42,1.39256,2.02631
42,1.34639,1.96808
42,1.14596,0.00309769
42,1.39256,2.02631
42,1.39256,2.02631
42,2.06131,0.42428
42,1.39256,2.02631
42,1.39256,2.02631
42,1.12274,-0.187649
42,1.39256,2.02631
42,1.85234,-1.56936
42,2.1834,0.299609
42,1.39256,2.02631
42,2.26122,-0.0850552
42,1.39256,2.02631
42,0.70254,0.020073
42,1.39256,2.02631
42,1.6313,-0.984098
42,1.39256,2.02631
42,1.39256,2.02631
42,1.39256,2.02631
42,1.39256,2.02631
42,1.39256,2.02631
42,1.39256,2.02631
42,1.39256,2.02631
42,0.503849,-0.859203
42,1.39256,2.02631
42,1.39256,2.02631
42,1.39256,2.02631
42,1.39256,2.02631
42,2.182,0.306014
42,1.39256,2.02631
42,2.22517,0.0917469
42,1.39256,2.02631
42,1.39256,2.02631
42,1.90213,-1.0332
42,1.39256,2.02631
42,1.34639,1.96808
42,1.39256,2.02631
43,0.520801,-0.867094
43,1.39256,2.02631
43,1.40384,1.99911
43,1.39256,2.02631
43,1.39256,2.02631
43,2.3819,-0.252647
43,1.39256,2.02631
43,1.39256,2.02631
43,1.39256,2.02631
43,0.474367,-0.785299
43,1.39256,2.02631
43,1.7613,-2.03705
43,1.39256,2.02631
43,1.79762,-1.9579
43,1.39256,2.02631
43,1.39256,2.02631
43,1.39256,2.02631
43,1.77222,-2.03035
43,1.39256,2.02631
43,1.39256,2.02631
43,1.39256,2.02631
43,1.39256,2.02631
43,1.39256,2.02631
43,1.29393,1.61282
43,1.39256,2.02631
43,1.39256,2.02631
43,1.39256,2.02631
43,1.39256,2.02631
43,1.39256,2.02631
43,1.39256,2.02631
43,1.39256,2.02631
43,1.39256,2.02631
43,1.39256,2.02631
43,1.39256,2.02631
43,1.4029,2.00201
43,1.81745,-1.8502
43,0.577674,-0.726662
43,2.00484,0.0772224
43,1.39256,2.02631
43,1.39256,2.02631
43,1.39256,2.02631
43,1.39256,2.02631
43,1.39256,2.02631
43,1.39256,2.02631
43,1.39256,2.02631
43,1.39256,2.02631
43,1.39256,2.02631
43,1.39256,2.02631
43,1.39256,2.02631
43,1.39256,2.02631
44,0.962776,-0.320247
44,1.39256,2.02631
44,1.39256,2.02631
44,1.39256,2.02631
44,1.39256,2.02631
44,1.49397,1.21602
44,1.39256,2.02631
44,1.6281,-0.936338
44,1.39256,2.02631
44,1.39256,2.02631
44,1.39256,2.02631
44,1.39256,2.02631
44,2.02835,0.253793
44,1.39256,2.02631
44,1.91804,-0.846233
44,1.39256,2.02631
44,1.39256,2.02631
44,1.39256,2.02631
44,1.72727,-1.95887
44,1.39256,2.02631
44,2.36382,-0.285545
44,1.39256,2.02631
44,1.66558,-1.44447
44,1.39256,2.02631
44,1.39256,2.02631
44,1.39256,2.02631
44,1.39256,2.02631
44,1.08664,-0.398763
44,1.39256,2.02631
44,1.39256,2.02631
44,1.39256,2.02631
44,1.39256,2.02631
44,1.39256,2.02631
44,1.39256,2.02631
44,1.39256,2.02631
44,1.39256,2.02631
44,1.39256,2.02631
44,1.39256,2.02631
44,1.39256,2.02631
44,1.39256,2.02631
44,1.39256,2.02631
44,1.39256,2.02631
44,1.39256,2.02631
44,0.65573,-0.267659
44,2.35438,-0.294066
44,1.39256,2.02631
44,1.06171,-0.478488
44,1.39256,2.02631
44,1.39256,2.02631
44,1.39256,2.02631
45,1.43185,1.85985
45,2.23214,0.0560424
45,1.39256,2.02631
45,1.39256,2.02631
45,2.10777,0.504228
45,1.39256,2.02631
45,1.39256,2.02631
45,1.39256,2.02631
45,1.39256,2.02631
45,1.39256,2.02631
45,1.39256,2.02631
45,1.39256,2.02631
45,1.39256,2.02631
45,0.493685,-0.842406
45,1.39256,2.02631
45,1.86792,-1.41429
45,1.39256,2.02631
45,1.39256,2.02631
45,1.39256,2.02631
45,1.93816,-0.609993
45,1.39256,2.02631
45,1.39256,2.02631
45,1.39256,2.02631
45,1.39256,2.02631
45,1.39256,2.02631
45,1.39256,2.02631
45,1.39256,2.02631
45,1.39256,2.02631
45,1.39256,2.02631
45,2.06412,0.43443
45,1.39256,2.02631
45,0.917597,-0.0978026
45,2.37965,-0.257909
45,1.39256,2.02631
45,1.39256,2.02631
45,1.6811,-1.61586
45,1.39256,2.02631
45,1.39256,2.02631
45,0.759541,0.252279
45,2.11647,0.499337
45,1.39256,2.02631
45,1.06916,-0.460382
45,1.39256,2.02631
45,1.39256,2.02631
45,1.39256,2.02631
45,1.39256,2.02631
45,1.27431,1.42093
45,0.58965,-0.66993
45,1.39256,2.02631
45,2.30794,-0.25061
46,1.39256,2.02631
46,1.39256,2.02631
46,1.02,-0.493776
46,1.55628,0.246154
46,1.39256,2.02631
46,1.39256,2.02631
46,2.23214,0.0560424
46,1.39256,2.02631
46,1.28788,1.55629
46,1.17177,0.256876
46,1.39256,2.02631
46,1.39256,2.02631
46,1.39256,2.02631
46,1.39256,2.02631
46,1.39256,2.02631
46,1.39256,2.02631
46,1.39256,2.02631
46,1.39256,2.02631
46,1.39256,2.02631
46,0.462779,-0.735411
46,1.39256,2.02631
46,1.39256,2.02631
46,1.39256,2.02631
46,1.39256,2.02631
46,1.01757,-0.490465
46,1.39256,2.02631
46,1.39256,2.02631
46,1.39256,2.02631
46,1.92502,-0.763932
46,0.916854,-0.093983
46,1.39256,2.02631
46,1.39256,2.02631
46,1.39256,2.02631
46,0.799439,0.296202
46,1.39256,2.02631
46,1.39256,2.02631
46,1.39256,2.02631
46,1.81246,-1.88124
46,1.39256,2.02631
46,1.39256,2.02631
46,1.39256,2.02631
46,1.39256,2.02631
46,1.65535,-1.31799
46,1.39256,2.02631
46,1.39256,2.02631
46,1.39256,2.02631
46,1.51836,0.86237
46,1.39256,2.02631
46,1.39256,2.02631
46,0.83538,0.246412
47,1.39256,2.02631
47,1.39256,2.02631
47,1.15661,0.10306
47,1.39256,2.02631
47,1.39256,2.02631
47,1.39256,2.02631
47,1.39256,2.02631
47,1.39256,2.02631
47,1.00316,-0.462409
47,1.39256,2.02631
47,0.561093,-0.791448
47,1.39256,2.02631
47,2.13593,0.468289
47,1.39256,2.02631
47,1.39256,2.02631
47,1.39256,2.02631
47,1.71645,-1.90241
47,1.72075,-1.92666
47,0.590032,-0.668001
47,0.72712,0.141571
47,1.39256,2.02631
47,1.39256,2.02631
47,0.608754,-0.565511
47,1.39256,2.02631
47,1.39256,2.02631
47,1.39256,2.02631
47,1.39256,2.02631
47,1.39256,2.02631
47,2.14474,0.445892
47,1.39256,2.02631
47,2.38925,-0.233181
47,1.39256,2.02631
47,1.54777,0.389044
47,1.39256,2.02631
47,1.39256,2.02631
47,1.39256,2.02631
47,1.39256,2.02631
47,1.39256,2.02631
47,1.39256,2.02631
47,1.39256,2.02631
47,1.39256,2.02631
47,1.39256,2.02631
47,1.39256,2.02631
47,1.39256,2.02631
47,1.39256,2.02631
47,1.39256,2.02631
47,1.39256,2.02631
47,1.39256,2.02631
47,1.39256,2.02631
47,1.39256,2.02631
48,1.39256,2.02631
48,1.39256,2.02631
48,0.73741,0.183402
48,1.39256,2.02631
48,2.29233,-0.206746
48,1.39256,2.02631
48,2.38916,-0.233461
48,1.39256,2.02631
48,1.39256,2.02631
48,1.39256,2.02631
48,1.00533,-0.467514
48,1.39256,2.02631
48,1.39256,2.02631
48,1.85843,-1.51055
48,1.39256,2.02631
48,1.39256,2.02631
48,1.39256,2.02631
48,1.00978,-0.477042
48,1.39256,2.02631
48,2.34788,-0.296448
48,1.39256,2.02631
48,1.39256,2.02631
48,1.50508,1.06037
48,1.39256,2.02631
48,1.39256,2.02631
48,1.82527,-1.79657
48,1.39256,2.02631
48,1.96511,-0.30704
48,0.5982,-0.625082
48,1.39256,2.02631
48,1.39256,2.02631
48,1.39256,2.02631
48,1.39256,2.02631
48,0.515432,-0.867283
48,1.39256,2.02631
48,0.708667,0.0529152
48,1.39256,2.02631
48,1.39256,2.02631
48,1.71764,-1.90932
48,0.927571,-0.149116
48,1.39256,2.02631
48,1.39256,2.02631
48,1.39256,2.02631
48,1.39256,2.02631
48,1.39256,2.02631
48,1.39256,2.02631
48,1.39256,2.02631
48,1.39256,2.02631
48,1.39256,2.02631
48,1.39256,2.02631
49,0.671661,-0.164614
49,1.39256,2.02631
49,1.39256,2.02631
49,1.63326,-1.01304
49,0.686069,-0.0750791
49,1.39256,2.02631
49,1.18655,0.417369
49,1.39256,2.02631
49,1.39256,2.02631
49,1.39256,2.02631
49,1.39256,2.02631
49,1.39256,2.02631
49,1.39256,2.02631
49,1.39256,2.02631
49,1.39256,2.02631
49,1.61488,-0.732143
49,1.39256,2.02631
49,0.546496,-0.83323
49,1.39256,2.02631
49,1.39256,2.02631
49,1.3998,2.01076
49,0.792656,0.296254
49,1.39256,2.02631
49,1.27605,1.43883
49,1.39256,2.02631
49,1.39256,2.02631
49,1.39256,2.02631
49,1.39256,2.02631
49,1.39256,2.02631
49,1.39256,2.02631
49,1.39256,2.02631
49,1.39256,2.02631
49,1.91452,-0.887816
49,1.39256,2.02631
49,1.39256,2.02631
49,1.39256,2.02631
49,1.29639,1.63502
49,1.39256,2.02631
49,1.39256,2.02631
49,0.834421,0.248763
49,1.39256,2.02631
49,1.45163,1.70182
49,1.21032,0.69041
49,1.86178,-1.47716
49,1.50617,1.04465
49,1.39256,2.02631
49,1.39256,2.02631
49,1.39256,2.02631
49,1.39256,2.02631
49,1.39256,2.02631
50,1.39256,2.02631
50,1.39256,2.02631
50,1.39256,2.02631
50,1.39256,2.02631
50,1.68536,-1.65829
50,1.39256,2.02631
50,1.39256,2.02631
50,1.39256,2.02631
50,1.39256,2.02631
50,1.39256,2.02631
50,1.39256,2.02631
50,1.39256,2.02631
50,1.25113,1.1677
50,1.39256,2.02631
50,1.39256,2.02631
50,1.39256,2.02631
50,1.39256,2.02631
50,1.39256,2.02631
50,1.92651,-0.746375
50,1.39256,2.02631
50,1.39256,2.02631
50,1.39256,2.02631
50,1.39256,2.02631
50,1.39256,2.02631
50,1.39256,2.02631
50,1.39256,2.02631
50,1.39256,2.02631
50,1.86161,-1.47886
50,1.04557,-0.501301
50,1.39256,2.02631
50,1.39256,2.02631
50,0.467685,-0.757941
50,1.39256,2.02631
50,1.39256,2.02631
50,2.24641,-0.0153666
50,1.39256,2.02631
50,0.862855,0.158539
50,1.39256,2.02631
50,1.64259,-1.1467
50,1.39256,2.02631
50,1.39256,2.02631
50,1.64035,-1.11532
50,2.14974,0.431098
50,1.39256,2.02631
50,1.76928,-2.03364
50,1.39256,2.02631
50,1.39256,2.02631
50,1.39256,2.02631
50,1.39256,2.02631
50,1.39256,2.02631
51,1.39256,2.02631
51,1.39256,2.02631
51,1.39256,2.02631
51,0.480489,-0.806958
51,1.39256,2.02631
51,1.39256,2.02631
51,1.39256,2.02631
51,1.39256,2.02631
51,0.989015,-0.422096
51,1.39256,2.02631
51,1.39256,2.02631
51,1.39256,2.02631
51,1.39256,2.02631
51,1.39256,2.02631
51,1.39256,2.02631
51,1.39256,2.02631
51,1.39256,2.02631
51,1.39256,2.02631
51,1.39256,2.02631
51,1.2331,0.958834
51,1.39256,2.02631
51,1.39256,2.02631
51,1.39256,2.02631
51,1.39256,2.02631
51,0.517542,-0.867503
51,1.39256,2.02631
51,1.39256,2.02631
51,1.39256,2.02631
51,1.39256,2.02631
51,1.39256,2.02631
51,1.39256,2.02631
51,0.439505,-0.601501
51,1.39256,2.02631
51,2.07203,0.459269
51,1.39256,2.02631
51,1.39256,2.02631
51,1.9934,-0.0235304
51,1.39256,2.02631
51,1.68242,-1.62921
51,1.39256,2.02631
51,1.39256,2.02631
51,1.39256,2.02631
51,1.39256,2.02631
51,1.39256,2.02631
51,1.39256,2.02631
51,1.22735,0.891116
51,1.39256,2.02631
51,1.13665,-0.0780639
51,1.39256,2.02631
51,1.39256,2.02631
52,1.39256,2.02631
52,1.39256,2.02631
52,2.07686,0.471737
52,1.39256,2.02631
52,2.05844,0.413177
52,1.39256,2.02631
52,1.49761,1.16607
52,1.39256,2.02631
52,2.17823,0.322839
52,1.94788,-0.498107
52,1.39256,2.02631
52,1.39256,2.02631
52,1.39256,2.02631
52,1.39256,2.02631
52,1.39256,2.02631
52,0.899023,-0.00355493
52,0.898391,-0.000426805
52,2.14644,0.441033
52,1.39256,2.02631
52,0.524308,-0.86565
52,1.39256,2.02631
52,1.39256,2.02631
52,1.39256,2.02631
52,1.70454,-1.82291
52,1.39256,2.02631
52,2.06229,0.427895
52,1.39256,2.02631
52,1.39256,2.02631
52,1.84726,-1.61644
52,0.868368,0.136664
52,1.39256,2.02631
52,1.39256,2.02631
52,1.39256,2.02631
52,1.39256,2.02631
52,1.39256,2.02631
52,1.39256,2.02631
52,1.86398,-1.45485
52,1.39256,2.02631
52,1.39256,2.02631
52,1.39256,2.02631
52,0.841541,0.230085
52,1.39256,2.02631
52,1.39256,2.02631
52,1.39256,2.02631
52,0.930175,-0.162452
52,1.39256,2.02631
52,1.39256,2.02631
52,1.39256,2.02631
52,1.39256,2.02631
52,0.712641,0.073367
53,2.35878,-0.29084
53,1.39256,2.02631
53,1.38959,2.0307
53,1.39256,2.02631
53,1.39256,2.02631
53,1.17787,0.321996
53,1.74875,-2.02582
53,0.967746,-0.341784
53,1.51262,0.949388
53,1.0932,-0.36869
53,1.11727,-0.226657
53,1.39256,2.02631
53,1.39256,2.02631
53,1.39256,2.02631
53,1.39256,2.02631
53,1.39256,2.02631
53,1.39256,2.02631
53,1.49716,1.17229
53,1.98388,-0.113825
53,1.39256,2.02631
53,1.39256,2.02631
53,1.39256,2.02631
53,1.39256,2.02631
53,1.39256,2.02631
53,1.39256,2.02631
53,1.39256,2.02631
53,1.39256,2.02631
53,1.39256,2.02631
53,1.39256,2.02631
53,1.39256,2.02631
53,0.637846,-0.384524
53,1.39256,2.02631
53,1.39256,2.02631
53,1.39256,2.02631
53,2.06229,0.427895
53,1.23866,1.02383
53,1.30571,1.71474
53,1.39256,2.02631
53,1.39256,2.02631
53,0.680687,-0.107964
53,0.566885,-0.770787
53,1.39256,2.02631
53,1.39256,2.02631
53,1.39256,2.02631
53,1.39256,2.02631
53,1.39256,2.02631
53,2.06724,0.444902
53,1.39256,2.02631
53,1.39256,2.02631
53,1.13311,-0.107319
54,1.39256,2.02631
54,1.56598,0.0818276
54,0.45188,-0.678134
54,1.38959,2.0307
54,1.39256,2.02631
54,1.30571,1.71474
54,1.39256,2.02631
54,1.77457,-2.02694
54,0.777342,0.285015
54,1.39256,2.02631
54,1.39256,2.02631
54,1.39256,2.02631
54,1.39256,2.02631
54,1.39256,2.02631
54,1.39256,2.02631
54,2.37888,-0.259624
54,2.16691,0.370233
54,1.39256,2.02631
54,1.39256,2.02631
54,0.725352,0.133805
54,1.39256,2.02631
54,1.09009,-0.383386
54,1.39256,2.02631
54,1.37652,2.03646
54,1.39256,2.02631
54,2.23016,0.0661486
54,1.39256,2.02631
54,1.39256,2.02631
54,1.39256,2.02631
54,1.51442,0.92242
54,1.0496,-0.497675
54,1.39256,2.02631
54,1.39256,2.02631
54,1.39256,2.02631
54,1.39256,2.02631
54,1.34344,1.9556
54,0.927761,-0.15009
54,1.39256,2.02631
54,1.39256,2.02631
54,1.39256,2.02631
54,1.39256,2.02631
54,1.39256,2.02631
54,1.39256,2.02631
54,1.39256,2.02631
54,1.39256,2.02631
54,1.39256,2.02631
54,1.39256,2.02631
54,1.39256,2.02631
54,1.39256,2.02631
54,1.39256,2.02631
55,1.39256,2.02631
55,1.39256,2.02631
55,1.39256,2.02631
55,0.915673,-0.0879133
55,1.39256,2.02631
55,1.38959,2.0307
55,1.39256,2.02631
55,1.39256,2.02631
55,1.39256,2.02631
55,1.39256,2.02631
55,1.39256,2.02631
55,1.39256,2.02631
55,1.34027,1.94102
55,1.38959,2.0307
55,0.48065,-0.807483
55,1.39256,2.02631
55,1.39256,2.02631
55,1.38959,2.0307
55,1.39256,2.02631
55,1.34344,1.9556
55,0.770538,0.274974
55,1.39256,2.02631
55,1.39256,2.02631
55,1.39256,2.02631
55,1.72961,-1.96909
55,1.39256,2.02631
55,1.39256,2.02631
55,1.39256,2.02631
55,1.37652,2.03646
55,1.39256,2.02631
55,1.39256,2.02631
55,1.39256,2.02631
55,1.39256,2.02631
55,1.39256,2.02631
55,1.08266,-0.415147
55,1.39256,2.02631
55,1.39256,2.02631
55,1.39256,2.02631
55,1.39256,2.02631
55,1.39256,2.02631
55,1.39256,2.02631
55,1.39256,2.02631
55,1.38959,2.0307
55,1.39256,2.02631
55,1.96695,-0.28726
55,1.83144,-1.75026
55,1.39256,2.02631
55,1.39256,2.02631
55,1.39256,2.02631
55,2.31002,-0.255423
56,1.39256,2.02631
56,1.39256,2.02631
56,1.39256,2.02631
56,1.38959,2.0307
56,1.38959,2.0307
56,1.39256,2.02631
56,1.39256,2.02631
56,1.39256,2.02631
56,1.37652,2.03646
56,1.38959,2.0307
56,1.37652,2.03646
56,1.38959,2.0307
56,1.38959,2.0307
56,1.39256,2.02631
56,1.38959,2.0307
56,1.39256,2.02631
56,1.39256,2.02631
56,1.39256,2.02631
56,1.39256,2.02631
56,1.39256,2.02631
56,1.38959,2.0307
56,1.38959,2.0307
56,1.39256,2.02631
56,1.37652,2.03646
56,0.791015,0.295804
56,1.37701,2.03663
56,1.39256,2.02631
56,1.39256,2.02631
56,0.794303,0.296524
56,1.22812,0.900152
56,1.39256,2.02631
56,1.38959,2.0307
56,1.39256,2.02631
56,1.39256,2.02631
56,1.38959,2.0307
56,1.39256,2.02631
56,2.22186,0.108794
56,0.42438,-0.492269
56,0.867515,0.14013
56,1.39256,2.02631
56,0.739979,0.192913
56,1.56148,0.158233
56,1.39256,2.02631
56,1.39256,2.02631
56,0.523684,-0.865982
56,1.39256,2.02631
56,1.34956,1.98042
56,1.39256,2.02631
56,1.39256,2.02631
56,1.38959,2.0307
57,1.39256,2.02631
57,1.39256,2.02631
57,1.39256,2.02631
57,1.37701,2.03663
57,1.38959,2.0307
57,1.4657,1.56128
57,0.634366,-0.407032
57,1.37652,2.03646
57,1.38959,2.0307
57,1.39256,2.02631
57,1.38959,2.0307
57,1.39256,2.02631
57,1.38959,2.0307
57,1.38959,2.0307
57,1.39256,2.02631
57,1.38959,2.0307
57,1.39256,2.02631
57,1.03154,-0.503513
57,1.38959,2.0307
57,1.04277,-0.503018
57,1.26042,1.27186
57,1.39256,2.02631
57,0.41501,-0.416801
57,1.39256,2.02631
57,1.39256,2.02631
57,1.37701,2.03663
57,1.37652,2.03646
57,1.37701,2.03663
57,1.38959,2.0307
57,0.739979,0.192913
57,1.38959,2.0307
57,1.38959,2.0307
57,1.14174,-0.0344082
57,1.39256,2.02631
57,1.38959,2.0307
57,1.767,-2.03545
57,1.39256,2.02631
57,1.38959,2.0307
57,1.38959,2.0307
57,1.39256,2.02631
57,1.37701,2.03663
57,0.737054,0.182051
57,1.39256,2.02631
57,1.38959,2.0307
57,0.651994,-0.292108
57,2.37018,-0.276436
57,1.47603,1.44432
57,1.38959,2.0307
57,1.39256,2.02631
57,1.39256,2.02631
58,1.37652,2.03646
58,1.94463,-0.535236
58,1.37701,2.03663
58,1.39256,2.02631
58,1.38959,2.0307
58,1.38959,2.0307
58,1.38959,2.0307
58,0.593518,-0.650055
58,1.39256,2.02631
58,0.637291,-0.388122
58,2.08363,0.485769
58,1.39256,2.02631
58,1.37701,2.03663
58,2.1825,0.303721
58,1.38959,2.0307
58,1.38959,2.0307
58,1.38959,2.0307
58,1.38959,2.0307
58,1.38959,2.0307
58,1.37701,2.03663
58,1.37701,2.03663
58,2.12587,0.487658
58,1.38959,2.0307
58,1.8082,-1.90569
58,1.37652,2.03646
58,1.38959,2.0307
58,1.37701,2.03663
58,1.38959,2.0307
58,1.38959,2.0307
58,1.38959,2.0307
58,1.37652,2.03646
58,1.37652,2.03646
58,1.38959,2.0307
58,1.38959,2.0307
58,1.38959,2.0307
58,1.37701,2.03663
58,2.13204,0.476579
58,1.39256,2.02631
58,1.38959,2.0307
58,0.883448,0.0710688
58,1.39256,2.02631
58,1.9388,-0.602494
58,1.83961,-1.68374
58,1.37701,2.03663
58,1.38959,2.0307
58,1.37701,2.03663
58,1.38959,2.0307
58,0.432468,-0.552713
58,1.38959,2.0307
58,1.38959,2.0307
59,1.38959,2.0307
59,1.37701,2.03663
59,1.13631,-0.0809665
59,0.682711,-0.0955085
59,2.1029,0.504372
59,2.29335,-0.210018
59,1.38959,2.0307
59,2.27639,-0.149363
59,0.799859,0.296098
59,1.37701,2.03663
59,1.38959,2.0307
59,1.37652,2.03646
59,1.37701,2.03663
59,1.37701,2.03663
59,0.598336,-0.624346
59,1.38959,2.0307
59,1.44305,1.7762
59,1.38959,2.0307
59,1.37701,2.03663
59,1.37701,2.03663
59,1.37701,2.03663
59,1.37652,2.03646
59,2.08465,0.487552
59,1.37701,2.03663
59,0.815202,0.284364
59,1.38959,2.0307
59,2.20011,0.219578
59,2.1825,0.303721
59,1.10319,-0.315724
59,1.38959,2.0307
59,2.32465,-0.282075
59,1.38959,2.0307
59,0.886175,0.0584305
59,1.38959,2.0307
59,1.38959,2.0307
59,1.37701,2.03663
59,1.42592,1.89778
59,1.39256,2.02631
59,1.38959,2.0307
59,0.397716,-0.263956
59,1.37701,2.03663
59,1.97965,-0.155697
59,1.39256,2.02631
59,1.37652,2.03646
59,0.769627,0.273395
59,0.962285,-0.318073
59,1.37701,2.03663
59,1.38959,2.0307
59,1.37652,2.03646
59,1.42458,1.90572
60,0.974348,-0.36891
60,1.37701,2.03663
60,1.37701,2.03663
60,2.33042,-0.288922
60,0.511606,-0.865906
60,1.37701,2.03663
60,1.38959,2.0307
60,1.38959,2.0307
60,2.08465,0.487552
60,1.37701,2.03663
60,1.38959,2.0307
60,2.18906,0.273265
60,2.1825,0.303721
60,1.37701,2.03663
60,0.442807,-0.623112
60,1.37701,2.03663
60,1.37701,2.03663
60,1.37701,2.03663
60,2.32306,-0.279815
60,2.27639,-0.149363
60,1.38959,2.0307
60,1.37701,2.03663
60,1.38959,2.0307
60,1.37701,2.03663
60,1.37701,2.03663
60,1.37652,2.03646
60,1.37701,2.03663
60,1.38959,2.0307
60,1.37701,2.03663
60,1.37652,2.03646
60,0.799859,0.296098
60,1.38959,2.0307
60,1.39256,2.02631
60,0.902824,-0.0225183
60,1.37701,2.03663
60,0.954107,-0.280705
60,1.37701,2.03663
60,1.37701,2.03663
60,2.27448,-0.141742
60,1.38959,2.0307
60,1.37701,2.03663
60,1.37652,2.03646
60,1.37701,2.03663
60,1.37701,2.03663
60,1.37701,2.03663
60,1.38959,2.0307
60,1.37652,2.03646
60,1.37701,2.03663
60,1.37652,2.03646
60,1.37701,2.03663
61,1.37701,2.03663
61,1.8975,-1.08699
61,1.37701,2.03663
61,1.37701,2.03663
61,0.719856,0.108643
61,0.914685,-0.0828377
61,1.37701,2.03663
61,1.37701,2.03663
61,1.37701,2.03663
61,1.37701,2.03663
61,1.38959,2.0307
61,0.772704,0.278505
61,0.895564,0.0134841
61,1.37701,2.03663
61,1.37701,2.03663
61,0.902824,-0.0225183
61,1.37652,2.03646
61,2.08465,0.487552
61,1.37701,2.03663
61,1.37701,2.03663
61,1.37701,2.03663
61,1.37652,2.03646
61,1.37701,2.03663
61,1.53016,0.677197
61,1.38959,2.0307
61,0.500851,-0.855197
61,1.38959,2.0307
61,1.38959,2.0307
61,1.38959,2.0307
61,1.37701,2.03663
61,0.405145,-0.331594
61,1.37701,2.03663
61,1.33457,1.91208
61,1.37701,2.03663
61,0.835599,0.245869
61,1.37701,2.03663
61,1.37701,2.03663
61,1.18021,0.347356
61,1.11902,-0.214443
61,1.37701,2.03663
61,1.97193,-0.234697
61,1.53235,0.642105
61,2.04273,0.339678
61,1.37701,2.03663
61,1.37701,2.03663
61,2.09685,0.501875
61,1.37701,2.03663
61,0.654866,-0.273308
61,1.37701,2.03663
61,1.37701,2.03663
62,1.91427,-0.890724
62,1.37701,2.03663
62,1.37701,2.03663
62,1.37701,2.03663
62,1.37701,2.03663
62,1.37701,2.03663
62,1.37701,2.03663
62,1.37701,2.03663
62,1.37701,2.03663
62,1.37701,2.03663
62,1.76343,-2.03694
62,1.37701,2.03663
62,1.37701,2.03663
62,1.24129,1.05454
62,1.37701,2.03663
62,2.16522,0.376847
62,0.487472,-0.827635
62,1.83678,-1.70739
62,1.37701,2.03663
62,1.47931,1.40482
62,1.37701,2.03663
62,1.37701,2.03663
62,1.37701,2.03663
62,1.37701,2.03663
62,1.37701,2.03663
62,1.37701,2.03663
62,2.08465,0.487552
62,1.37701,2.03663
62,1.37701,2.03663
62,1.37701,2.03663
62,0.614546,-0.531141
62,0.987419,-0.416834
62,1.22058,0.811199
62,1.37701,2.03663
62,1.37701,2.03663
62,1.37701,2.03663
62,0.780144,0.288249
62,1.37701,2.03663
62,1.37701,2.03663
62,1.37701,2.03663
62,1.37701,2.03663
62,1.38959,2.0307
62,1.37701,2.03663
62,1.37701,2.03663
62,1.37701,2.03663
62,1.24069,1.04752
62,1.8475,-1.61427
62,1.37701,2.03663
62,1.11197,-0.262069
62,0.748379,0.221293
63,1.41,1.97722
63,1.37701,2.03663
63,1.13672,-0.0775082
63,1.37701,2.03663
63,1.37701,2.03663
63,1.37701,2.03663
63,1.37701,2.03663
63,0.474617,-0.786248
63,1.68425,-1.6474
63,1.37701,2.03663
63,1.37701,2.03663
63,1.37701,2.03663
63,1.37701,2.03663
63,1.37701,2.03663
63,1.37701,2.03663
63,1.37701,2.03663
63,1.37701,2.03663
63,1.37701,2.03663
63,1.37701,2.03663
63,1.37701,2.03663
63,0.455668,-0.699151
63,1.37701,2.03663
63,1.37701,2.03663
63,1.37701,2.03663
63,1.37701,2.03663
63,1.37701,2.03663
63,1.37701,2.03663
63,1.37701,2.03663
63,0.464223,-0.742254
63,1.37701,2.03663
63,1.37701,2.03663
63,1.37701,2.03663
63,2.28994,-0.198892
63,1.37701,2.03663
63,1.37701,2.03663
63,1.37701,2.03663
63,1.37701,2.03663
63,1.37701,2.03663
63,1.77631,-2.02397
63,1.83677,-1.70747
63,1.37701,2.03663
63,2.00211,0.0540211
63,1.37701,2.03663
63,1.82244,-1.81668
63,1.37701,2.03663
63,1.1394,-0.0547433
63,1.37701,2.03663
63,1.37701,2.03663
63,1.37701,2.03663
63,1.37701,2.03663
64,1.37701,2.03663
64,1.37701,2.03663
64,1.37701,2.03663
64,1.37701,2.03663
64,1.37701,2.03663
64,1.37701,2.03663
64,1.37701,2.03663
64,1.55362,0.290912
64,1.37701,2.03663
64,1.37701,2.03663
64,1.41,1.97722
64,1.37701,2.03663
64,1.37701,2.03663
64,2.34856,-0.296333
64,1.37701,2.03663
64,1.37701,2.03663
64,0.446209,-0.644506
64,1.37701,2.03663
64,1.37701,2.03663
64,1.20982,0.684575
64,2.23201,0.0567272
64,1.37701,2.03663
64,1.37701,2.03663
64,1.37701,2.03663
64,0.751927,0.231991
64,1.37701,2.03663
64,1.0247,-0.498953
64,1.37701,2.03663
64,1.37701,2.03663
64,1.94766,-0.500606
64,1.27291,1.40633
64,1.37701,2.03663
64,1.37701,2.03663
64,1.37701,2.03663
64,1.37701,2.03663
64,1.37701,2.03663
64,1.99151,-0.0409547
64,1.37701,2.03663
64,0.819723,0.27802
64,0.696933,-0.0112747
64,1.37701,2.03663
64,1.37701,2.03663
64,0.651611,-0.294621
64,1.74935,-2.02683
64,1.37701,2.03663
64,1.37701,2.03663
64,0.512087,-0.866148
64,1.37701,2.03663
64,1.37701,2.03663
64,1.37701,2.03663
65,1.37701,2.03663
65,0.815728,0.283692
65,1.37701,2.03663
65,1.37701,2.03663
65,1.71098,-1.86813
65,1.37701,2.03663
65,1.37701,2.03663
65,1.37701,2.03663
65,1.86501,-1.44435
65,1.37701,2.03663
65,0.832305,0.253764
65,1.69038,-1.7056
65,1.37701,2.03663
65,1.37701,2.03663
65,1.37701,2.03663
65,2.00613,0.0879919
65,1.37701,2.03663
65,1.11517,-0.240955
65,1.90282,-1.02516
65,1.37701,2.03663
65,1.37701,2.03663
65,0.850486,0.202764
65,1.37701,2.03663
65,1.37701,2.03663
65,1.37701,2.03663
65,1.37701,2.03663
65,1.37701,2.03663
65,1.37701,2.03663
65,1.37701,2.03663
65,1.79276,-1.9777
65,1.37701,2.03663
65,1.37701,2.03663
65,1.37701,2.03663
65,1.95575,-0.409504
65,1.37701,2.03663
65,1.27291,1.40633
65,1.37701,2.03663
65,1.37701,2.03663
65,1.37701,2.03663
65,1.37701,2.03663
65,2.30162,-0.234429
65,0.414231,-0.410272
65,1.37701,2.03663
65,1.37701,2.03663
65,1.37701,2.03663
65,1.20982,0.684575
65,1.37701,2.03663
65,1.37701,2.03663
65,1.37701,2.03663
65,1.37701,2.03663
66,1.37701,2.03663
66,1.37701,2.03663
66,1.37701,2.03663
66,1.37701,2.03663
66,1.37701,2.03663
66,1.37701,2.03663
66,1.37701,2.03663
66,1.04338,-0.502697
66,2.29162,-0.204427
66,1.37701,2.03663
66,1.37701,2.03663
66,1.62987,-0.962924
66,1.37701,2.03663
66,1.37701,2.03663
66,1.37701,2.03663
66,1.37701,2.03663
66,1.37701,2.03663
66,1.37701,2.03663
66,1.37701,2.03663
66,1.37701,2.03663
66,0.832305,0.253764
66,1.37701,2.03663
66,0.662015,-0.226689
66,1.37701,2.03663
66,0.511691,-0.865949
66,2.17667,0.329656
66,0.421934,-0.473111
66,2.31148,-0.258662
66,1.37701,2.03663
66,0.42521,-0.498685
66,1.37701,2.03663
66,1.37701,2.03663
66,1.37701,2.03663
66,1.37701,2.03663
66,1.37701,2.03663
66,1.37701,2.03663
66,1.37701,2.03663
66,1.37701,2.03663
66,1.37701,2.03663
66,1.37701,2.03663
66,2.16362,0.383028
66,2.14873,0.43421
66,1.46236,1.59667
66,1.37701,2.03663
66,1.37701,2.03663
66,1.37701,2.03663
66,1.37701,2.03663
66,1.37701,2.03663
66,0.539081,-0.848416
66,1.37701,2.03663
67,1.37701,2.03663
67,1.37701,2.03663
67,0.409531,-0.370165
67,1.37701,2.03663
67,1.37701,2.03663
67,1.37701,2.03663
67,2.18091,0.310916
67,1.37701,2.03663
67,1.37701,2.03663
67,1.37701,2.03663
67,1.37701,2.03663
67,2.20526,0.193768
67,1.37701,2.03663
67,1.42275,1.9162
67,2.05412,0.395132
67,1.37701,2.03663
67,1.37701,2.03663
67,1.37701,2.03663
67,1.37701,2.03663
67,1.37701,2.03663
67,1.37701,2.03663
67,1.37701,2.03663
67,1.37701,2.03663
67,1.37701,2.03663
67,1.37701,2.03663
67,1.37701,2.03663
67,1.37701,2.03663
67,1.37701,2.03663
67,1.37701,2.03663
67,1.37701,2.03663
67,1.37701,2.03663
67,1.43613,1.82969
67,1.37701,2.03663
67,0.638112,-0.382799
67,1.37701,2.03663
67,2.31951,-0.274201
67,1.47728,1.42941
67,1.6626,-1.40864
67,1.37701,2.03663
67,1.46551,1.56327
67,2.06005,0.419495
67,1.37701,2.03663
67,1.37701,2.03663
67,1.37701,2.03663
67,1.37701,2.03663
67,1.37701,2.03663
67,1.4705,1.50825
67,1.37701,2.03663
67,1.37701,2.03663
67,1.37701,2.03663
68,0.893695,0.022589
68,1.37701,2.03663
68,1.37701,2.03663
68,1.37701,2.03663
68,0.402077,-0.304003
68,0.743372,0.204885
68,1.40202,2.00461
68,1.37701,2.03663
68,1.37701,2.03663
68,1.37701,2.03663
68,1.37701,2.03663
68,2.30411,-0.24109
68,1.37701,2.03663
68,1.37701,2.03663
68,1.31041,1.75223
68,1.37701,2.03663
68,1.37701,2.03663
68,1.37701,2.03663
68,1.37701,2.03663
68,1.37701,2.03663
68,1.37701,2.03663
68,1.37701,2.03663
68,1.65142,-1.26685
68,1.37701,2.03663
68,1.37701,2.03663
68,1.37701,2.03663
68,1.37701,2.03663
68,1.37701,2.03663
68,1.74415,-2.01658
68,1.37701,2.03663
68,1.37701,2.03663
68,1.37701,2.03663
68,1.37701,2.03663
68,1.37701,2.03663
68,1.37701,2.03663
68,1.37701,2.03663
68,1.90235,-1.03062
68,1.37701,2.03663
68,1.37701,2.03663
68,1.54446,0.443999
68,1.37701,2.03663
68,1.37701,2.03663
68,1.37701,2.03663
68,1.37701,2.03663
68,1.37701,2.03663
68,1.37701,2.03663
68,1.37701,2.03663
68,2.33756,-0.294428
68,1.37701,2.03663
68,1.37701,2.03663
69,2.11045,0.503347
69,1.31041,1.75223
69,1.06121,-0.479527
69,1.31041,1.75223
69,1.37701,2.03663
69,1.65788,-1.35025
69,1.37701,2.03663
69,1.37701,2.03663
69,1.37701,2.03663
69,1.37701,2.03663
69,1.37701,2.03663
69,1.37701,2.03663
69,1.37701,2.03663
69,0.660533,-0.236326
69,1.37701,2.03663
69,1.52683,0.730285
69,1.37701,2.03663
69,1.37701,2.03663
69,1.37701,2.03663
69,1.37701,2.03663
69,0.507017,-0.862576
69,1.37701,2.03663
69,1.37701,2.03663
69,1.37701,2.03663
69,0.893695,0.022589
69,0.394804,-0.236708
69,1.37701,2.03663
69,1.88505,-1.22872
69,1.37701,2.03663
69,1.37701,2.03663
69,1.37701,2.03663
69,1.37701,2.03663
69,1.37701,2.03663
69,1.37701,2.03663
69,1.04615,-0.500861
69,0.72092,0.113632
69,0.40103,-0.294476
69,0.466593,-0.753104
69,0.705366,0.0354126
69,1.37701,2.03663
69,1.37701,2.03663
69,1.37701,2.03663
69,1.37701,2.03663
69,1.37701,2.03663
69,1.37701,2.03663
69,1.37701,2.03663
69,1.37701,2.03663
69,1.37701,2.03663
69,1.37701,2.03663
69,0.741495,0.198345
70,1.37701,2.03663
70,1.61478,-0.730447
70,1.37701,2.03663
70,1.37701,2.03663
70,1.37701,2.03663
70,1.37701,2.03663
70,1.37701,2.03663
70,1.37701,2.03663
70,1.37701,2.03663
70,1.37701,2.03663
70,1.37701,2.03663
70,1.37701,2.03663
70,1.37701,2.03663
70,1.37701,2.03663
70,2.34909,-0.29622
70,2.27992,-0.16308
70,1.37701,2.03663
70,1.37701,2.03663
70,1.37701,2.03663
70,1.37701,2.03663
70,1.14305,-0.0228611
70,1.37701,2.03663
70,1.37701,2.03663
70,1.37701,2.03663
70,1.37701,2.03663
70,1.37701,2.03663
70,0.896686,0.00798168
70,1.37701,2.03663
70,1.37701,2.03663
70,1.37701,2.03663
70,1.37701,2.03663
70,2.35134,-0.295535
70,1.37701,2.03663
70,1.37701,2.03663
70,2.14146,0.454797
70,0.658648,-0.248604
70,1.37701,2.03663
70,1.37701,2.03663
70,1.37701,2.03663
70,1.37701,2.03663
70,1.8098,-1.89672
70,1.31041,1.75223
70,2.32174,-0.277823
70,1.37701,2.03663
70,1.52683,0.730285
70,1.37701,2.03663
70,1.37701,2.03663
70,1.37701,2.03663
70,1.37701,2.03663
70,1.37701,2.03663
71,1.28893,1.56627
71,1.37701,2.03663
71,1.37701,2.03663
71,1.37701,2.03663
71,1.37701,2.03663
71,1.88266,-1.25539
71,1.37701,2.03663
71,1.37701,2.03663
71,1.37701,2.03663
71,0.982471,-0.39967
71,1.37701,2.03663
71,0.683072,-0.0932941
71,1.37701,2.03663
71,0.625761,-0.461932
71,1.37701,2.03663
71,1.37701,2.03663
71,1.37701,2.03663
71,1.37701,2.03663
71,1.37701,2.03663
71,2.06196,0.426676
71,1.37701,2.03663
71,1.37701,2.03663
71,1.37701,2.03663
71,1.37701,2.03663
71,1.37701,2.03663
71,1.37701,2.03663
71,1.37701,2.03663
71,1.37701,2.03663
71,1.61368,-0.713112
71,1.37701,2.03663
71,2.07891,0.476408
71,0.866982,0.142277
71,1.37701,2.03663
71,2.02558,0.235294
71,1.37701,2.03663
71,1.37701,2.03663
71,1.37701,2.03663
71,1.37701,2.03663
71,1.23762,1.01176
71,1.37701,2.03663
71,1.37701,2.03663
71,1.37701,2.03663
71,1.37701,2.03663
71,0.947697,-0.250112
71,1.37701,2.03663
71,1.01622,-0.48844
71,1.37701,2.03663
71,1.37701,2.03663
71,1.37701,2.03663
71,1.37701,2.03663
72,0.516113,-0.867396
72,1.37701,2.03663
72,1.37701,2.03663
72,1.37701,2.03663
72,1.37701,2.03663
72,1.37701,2.03663
72,1.37701,2.03663
72,1.37701,2.03663
72,1.37701,2.03663
72,1.37701,2.03663
72,1.37701,2.03663
72,1.37701,2.03663
72,1.55174,0.322572
72,1.37701,2.03663
72,0.47205,-0.776252
72,1.37701,2.03663
72,1.37701,2.03663
72,1.57935,-0.145227
72,1.37701,2.03663
72,1.37701,2.03663
72,1.37701,2.03663
72,1.37701,2.03663
72,1.37701,2.03663
72,1.37701,2.03663
72,1.37701,2.03663
72,2.26576,-0.105187
72,1.37701,2.03663
72,1.37701,2.03663
72,1.37701,2.03663
72,1.37701,2.03663
72,1.37701,2.03663
72,1.37701,2.03663
72,1.37701,2.03663
72,1.48716,1.30622
72,1.24208,1.06366
72,2.26475,-0.100763
72,1.44846,1.73032
72,1.37701,2.03663
72,1.37701,2.03663
72,0.812536,0.287498
72,1.37701,2.03663
72,1.37701,2.03663
72,1.37701,2.03663
72,0.765713,0.265991
72,2.37481,-0.268119
72,1.37701,2.03663
72,1.37701,2.03663
72,0.689101,-0.0569002
72,1.37701,2.03663
72,1.37701,2.03663
73,1.37701,2.03663
73,1.37701,2.03663
73,1.37701,2.03663
73,1.37701,2.03663
73,1.37701,2.03663
73,1.37701,2.03663
73,1.37701,2.03663
73,1.37701,2.03663
73,1.37701,2.03663
73,1.37701,2.03663
73,1.37701,2.03663
73,1.37701,2.03663
73,1.37701,2.03663
73,0.697116,-0.0102314
73,1.37701,2.03663
73,1.4685,1.53063
73,1.37701,2.03663
73,1.37701,2.03663
73,0.687108,-0.0688172
73,1.93205,-0.681316
73,1.26596,1.33235
73,1.37701,2.03663
73,1.37701,2.03663
73,2.35354,-0.294535
73,1.82211,-1.81899
73,1.37701,2.03663
73,1.55174,0.322572
73,1.37701,2.03663
73,1.37701,2.03663
73,1.37701,2.03663
73,1.37701,2.03663
73,1.53883,0.536723
73,1.37701,2.03663
73,0.854872,0.187897
73,1.37701,2.03663
73,1.37701,2.03663
73,1.37701,2.03663
73,1.37701,2.03663
73,2.11443,0.501008
73,1.37701,2.03663
73,1.37701,2.03663
73,1.37701,2.03663
73,1.37701,2.03663
73,1.37701,2.03663
73,1.37701,2.03663
73,1.37701,2.03663
73,0.974472,-0.369404
73,1.37701,2.03663
73,1.37701,2.03663
73,1.37701,2.03663
74,1.37701,2.03663
74,1.82554,-1.79464
74,1.37701,2.03663
74,1.37701,2.03663
74,1.37701,2.03663
74,1.37701,2.03663
74,1.37701,2.03663
74,1.37701,2.03663
74,1.37701,2.03663
74,2.1472,0.438797
74,1.37701,2.03663
74,1.37701,2.03663
74,1.37701,2.03663
74,1.04002,-0.50408
74,1.74158,-2.01021
74,1.37701,2.03663
74,0.612996,-0.540441
74,1.37701,2.03663
74,1.37701,2.03663
74,1.37701,2.03663
74,1.53883,0.536723
74,1.37701,2.03663
74,1.37701,2.03663
74,1.31509,1.78762
74,1.37701,2.03663
74,1.37701,2.03663
74,0.673729,-0.151488
74,1.37701,2.03663
74,2.11774,0.498144
74,1.70394,-1.81849
74,1.37701,2.03663
74,1.37701,2.03663
74,1.37701,2.03663
74,1.37701,2.03663
74,1.37701,2.03663
74,1.37701,2.03663
74,1.37701,2.03663
74,1.37701,2.03663
74,1.37701,2.03663
74,2.11443,0.501008
74,1.37701,2.03663
74,1.37701,2.03663
74,1.37701,2.03663
74,1.37701,2.03663
74,1.37701,2.03663
74,1.37701,2.03663
74,1.37701,2.03663
74,1.37701,2.03663
74,1.37701,2.03663
74,1.37701,2.03663
75,1.37701,2.03663
75,1.37701,2.03663
75,1.37701,2.03663
75,2.32256,-0.279069
75,1.37701,2.03663
75,1.37701,2.03663
75,1.37701,2.03663
75,1.37701,2.03663
75,1.37701,2.03663
75,1.37701,2.03663
75,1.37701,2.03663
75,1.37701,2.03663
75,1.37701,2.03663
75,1.37701,2.03663
75,1.37701,2.03663
75,1.51616,0.895965
75,1.37701,2.03663
75,1.37701,2.03663
75,1.37701,2.03663
75,1.48364,1.35115
75,1.37701,2.03663
75,2.18974,0.270076
75,1.54557,0.42564
75,2.34256,-0.296291
75,1.37701,2.03663
75,1.37701,2.03663
75,1.37701,2.03663
75,1.37701,2.03663
75,0.460709,-0.725293
75,1.0583,-0.485164
75,1.37701,2.03663
75,2.09235,0.498059
75,1.37701,2.03663
75,0.428946,-0.526952
75,1.37701,2.03663
75,1.37701,2.03663
75,1.37701,2.03663
75,1.37701,2.03663
75,0.762868,0.259979
75,1.37701,2.03663
75,1.85463,-1.54758
75,1.37701,2.03663
75,2.28726,-0.189758
75,2.02751,0.24826
75,0.672142,-0.161557
75,1.37701,2.03663
75,1.37701,2.03663
75,1.37701,2.03663
75,1.37701,2.03663
75,1.37701,2.03663
76,1.37701,2.03663
76,1.37701,2.03663
76,1.37701,2.03663
76,1.37701,2.03663
76,1.37701,2.03663
76,0.945273,-0.238289
76,1.37701,2.03663
76,1.45605,1.66004
76,0.989132,-0.422478
76,1.37701,2.03663
76,1.37701,2.03663
76,1.37701,2.03663
76,1.37701,2.03663
76,2.05676,0.406351
76,1.37701,2.03663
76,1.93278,-0.672678
76,1.37701,2.03663
76,1.37701,2.03663
76,1.37701,2.03663
76,1.37701,2.03663
76,1.37701,2.03663
76,1.37701,2.03663
76,1.49606,1.18753
76,1.37701,2.03663
76,1.04008,-0.504064
76,1.43243,1.85588
76,1.37701,2.03663
76,1.37701,2.03663
76,0.541245,-0.844423
76,1.37701,2.03663
76,1.37701,2.03663
76,1.81722,-1.85167
76,1.21511,0.746728
76,1.37701,2.03663
76,1.6623,-1.40509
76,1.37701,2.03663
76,1.37701,2.03663
76,1.37701,2.03663
76,0.385155,-0.143803
76,1.93438,-0.653968
76,1.37701,2.03663
76,0.846379,0.215823
76,1.37701,2.03663
76,1.37701,2.03663
76,1.37701,2.03663
76,1.25469,1.20795
76,1.37701,2.03663
76,1.37701,2.03663
76,1.5991,-0.476537
76,1.37701,2.03663
77,1.37701,2.03663
77,0.694058,-0.0277862
77,2.36307,-0.28644
77,1.37701,2.03663
77,1.30671,1.72294
77,1.37701,2.03663
77,1.37701,2.03663
77,1.37701,2.03663
77,1.37701,2.03663
77,1.37701,2.03663
77,2.02695,0.244502
77,1.37701,2.03663
77,1.37701,2.03663
77,1.37701,2.03663
77,1.37701,2.03663
77,1.37701,2.03663
77,0.555335,-0.809743
77,1.37701,2.03663
77,1.37701,2.03663
77,1.37701,2.03663
77,1.37701,2.03663
77,1.67269,-1.52616
77,1.37701,2.03663
77,0.945273,-0.238289
77,1.37701,2.03663
77,1.37701,2.03663
77,1.37701,2.03663
77,1.03914,-0.504289
77,2.37369,-0.270265
77,1.37701,2.03663
77,1.37701,2.03663
77,2.18975,0.270003
77,1.37701,2.03663
77,1.37701,2.03663
77,1.37701,2.03663
77,1.37701,2.03663
77,1.37701,2.03663
77,1.37701,2.03663
77,1.37701,2.03663
77,1.37701,2.03663
77,1.37701,2.03663
77,2.24534,-0.0101269
77,1.25469,1.20795
77,1.37701,2.03663
77,1.37701,2.03663
77,0.611181,-0.55124
77,1.37701,2.03663
77,1.33708,1.92525
77,1.37701,2.03663
77,1.37701,2.03663
78,1.37701,2.03663
78,1.37701,2.03663
78,1.834,-1.73
78,1.37701,2.03663
78,1.37701,2.03663
78,1.37701,2.03663
78,1.37701,2.03663
78,0.514432,-0.867045
78,1.37701,2.03663
78,1.37701,2.03663
78,0.400358,-0.288324
78,0.992604,-0.433426
78,1.37701,2.03663
78,1.37701,2.03663
78,2.35623,-0.29287
78,0.455562,-0.698579
78,1.37701,2.03663
78,1.37701,2.03663
78,1.37701,2.03663
78,0.954186,-0.281076
78,1.37701,2.03663
78,1.37701,2.03663
78,1.39287,2.02577
78,1.8523,-1.56976
78,2.12167,0.493676
78,1.4771,1.43158
78,1.37701,2.03663
78,1.37701,2.03663
78,1.37701,2.03663
78,1.37701,2.03663
78,1.37701,2.03663
78,1.37701,2.03663
78,2.32087,-0.276448
78,1.37701,2.03663
78,1.37701,2.03663
78,1.37701,2.03663
78,1.37701,2.03663
78,1.37701,2.03663
78,1.37701,2.03663
78,1.37701,2.03663
78,0.524432,-0.86558
78,1.16409,0.177446
78,0.545879,-0.834654
78,1.37701,2.03663
78,1.25469,1.20795
78,1.37701,2.03663
78,1.37701,2.03663
78,1.37701,2.03663
78,1.37701,2.03663
78,1.37701,2.03663
79,1.37701,2.03663
79,1.37701,2.03663
79,1.37701,2.03663
79,1.37701,2.03663
79,1.20979,0.684186
79,2.32087,-0.276448
79,1.62476,-0.885816
79,1.37701,2.03663
79,1.37701,2.03663
79,1.37701,2.03663
79,1.37701,2.03663
79,1.26956,1.37098
79,1.37701,2.03663
79,1.37701,2.03663
79,1.37701,2.03663
79,1.37701,2.03663
79,1.37701,2.03663
79,1.37701,2.03663
79,1.37701,2.03663
79,1.01124,-0.479876
79,1.37701,2.03663
79,1.37701,2.03663
79,0.722966,0.123071
79,1.37701,2.03663
79,1.37701,2.03663
79,1.37701,2.03663
79,0.999175,-0.452258
79,1.37701,2.03663
79,1.37701,2.03663
79,2.30767,-0.24996
79,1.37701,2.03663
79,1.37701,2.03663
79,1.37701,2.03663
79,1.37701,2.03663
79,1.37701,2.03663
79,1.37701,2.03663
79,1.37701,2.03663
79,1.37701,2.03663
79,0.945463,-0.23922
79,1.37701,2.03663
79,1.37701,2.03663
79,2.18702,0.282879
79,1.37701,2.03663
79,1.37701,2.03663
79,1.47906,1.40785
79,1.37701,2.03663
79,1.37701,2.03663
79,1.37701,2.03663
79,1.39028,2.02978
79,1.26872,1.36203
80,1.37701,2.03663
80,1.80145,-1.94041
80,1.37701,2.03663
80,1.37701,2.03663
80,1.37701,2.03663
80,1.37701,2.03663
80,1.37701,2.03663
80,1.37701,2.03663
80,2.34959,-0.296097
80,1.37701,2.03663
80,2.01609,0.167075
80,1.37701,2.03663
80,0.847478,0.212413
80,1.37701,2.03663
80,1.37701,2.03663
80,1.41367,1.96182
80,1.37701,2.03663
80,1.37701,2.03663
80,1.21601,0.75732
80,1.37701,2.03663
80,1.37701,2.03663
80,1.37701,2.03663
80,1.37701,2.03663
80,1.37701,2.03663
80,1.37701,2.03663
80,0.857963,0.176872
80,1.37701,2.03663
80,2.01701,0.174002
80,1.37701,2.03663
80,1.37701,2.03663
80,1.37701,2.03663
80,1.37701,2.03663
80,1.37701,2.03663
80,1.37701,2.03663
80,1.37701,2.03663
80,1.37701,2.03663
80,1.37701,2.03663
80,1.37701,2.03663
80,1.37701,2.03663
80,0.527569,-0.863382
80,1.37701,2.03663
80,1.37701,2.03663
80,0.904558,-0.0312402
80,1.27274,1.40457
80,1.37701,2.03663
80,1.37701,2.03663
80,1.37701,2.03663
80,1.37701,2.03663
80,1.37701,2.03663
80,1.37701,2.03663
81,2.03551,0.298728
81,1.37701,2.03663
81,0.501677,-0.85638
81,1.37701,2.03663
81,1.37701,2.03663
81,1.37701,2.03663
81,1.37701,2.03663
81,1.37701,2.03663
81,1.37701,2.03663
81,1.95348,-0.434847
81,1.37701,2.03663
81,2.17461,0.338531
81,1.37701,2.03663
81,1.37701,2.03663
81,1.37701,2.03663
81,1.37701,2.03663
81,1.39053,2.02942
81,1.37701,2.03663
81,1.37701,2.03663
81,0.822805,0.272964
81,1.37701,2.03663
81,1.07465,-0.44393
81,1.39442,2.02296
81,1.37701,2.03663
81,1.37701,2.03663
81,1.37701,2.03663
81,1.37701,2.03663
81,1.37701,2.03663
81,1.37701,2.03663
81,1.37701,2.03663
81,2.33392,-0.292041
81,1.37701,2.03663
81,1.37701,2.03663
81,1.37701,2.03663
81,1.37701,2.03663
81,1.37701,2.03663
81,1.37701,2.03663
81,1.37701,2.03663
81,1.37701,2.03663
81,1.37701,2.03663
81,1.37701,2.03663
81,1.37701,2.03663
81,1.37701,2.03663
81,1.37701,2.03663
81,1.37701,2.03663
81,0.635686,-0.398509
81,0.926468,-0.143455
81,1.37701,2.03663
81,1.05378,-0.492469
81,1.07799,-0.432633
82,1.37701,2.03663
82,1.68282,-1.63322
82,1.37701,2.03663
82,1.37701,2.03663
82,2.10843,0.504064
82,1.39053,2.02942
82,1.96068,-0.355092
82,1.37701,2.03663
82,1.37701,2.03663
82,1.37701,2.03663
82,1.76643,-2.0358
82,1.37701,2.03663
82,1.37701,2.03663
82,1.37701,2.03663
82,1.37701,2.03663
82,1.44586,1.75283
82,0.530983,-0.860064
82,1.37701,2.03663
82,1.37701,2.03663
82,1.37701,2.03663
82,1.44583,1.75307
82,1.37701,2.03663
82,1.32565,1.85981
82,1.37701,2.03663
82,1.37701,2.03663
82,1.37701,2.03663
82,1.37701,2.03663
82,0.673736,-0.151447
82,1.37701,2.03663
82,1.37701,2.03663
82,1.37701,2.03663
82,1.37701,2.03663
82,1.37701,2.03663
82,1.37701,2.03663
82,1.37701,2.03663
82,1.37701,2.03663
82,1.37701,2.03663
82,0.8935,0.0235388
82,1.37701,2.03663
82,1.37701,2.03663
82,1.37701,2.03663
82,1.37701,2.03663
82,1.37701,2.03663
82,1.37701,2.03663
82,1.71243,-1.87761
82,1.37969,2.03708
82,1.37701,2.03663
82,2.04492,0.351246
82,1.37701,2.03663
82,1.36273,2.01895
83,2.23082,0.0628227
83,1.37701,2.03663
83,1.37701,2.03663
83,1.37701,2.03663
83,1.37701,2.03663
83,0.619399,-0.50158
83,1.37701,2.03663
83,1.52943,0.688921
83,1.37701,2.03663
83,1.37701,2.03663
83,1.37701,2.03663
83,1.37701,2.03663
83,1.38987,2.03033
83,1.37969,2.03708
83,1.31383,1.77831
83,1.37701,2.03663
83,1.37701,2.03663
83,1.37701,2.03663
83,1.37701,2.03663
83,1.37701,2.03663
83,1.20743,0.656495
83,1.37969,2.03708
83,0.913888,-0.0787456
83,1.37701,2.03663
83,2.2564,-0.0629957
83,1.37701,2.03663
83,1.37701,2.03663
83,1.37701,2.03663
83,1.61533,-0.739253
83,1.37701,2.03663
83,1.92016,-0.8213
83,1.37969,2.03708
83,1.37701,2.03663
83,1.37701,2.03663
83,1.37701,2.03663
83,1.37701,2.03663
83,1.37701,2.03663
83,1.37701,2.03663
83,1.37701,2.03663
83,0.900501,-0.0109011
83,1.37701,2.03663
83,1.37701,2.03663
83,1.37701,2.03663
83,1.37701,2.03663
83,1.37701,2.03663
83,1.37701,2.03663
83,1.37701,2.03663
83,1.37701,2.03663
83,1.37701,2.03663
83,1.37701,2.03663
84,1.37701,2.03663
84,1.37701,2.03663
84,1.26023,1.26972
84,1.37701,2.03663
84,2.04474,0.350316
84,0.62907,-0.440965
84,1.37701,2.03663
84,1.37701,2.03663
84,1.37701,2.03663
84,1.37701,2.03663
84,2.36635,-0.282248
84,0.910285,-0.0603057
84,1.37701,2.03663
84,1.37701,2.03663
84,1.37701,2.03663
84,2.11464,0.500851
84,1.37969,2.03708
84,1.37701,2.03663
84,1.26854,1.36012
84,1.37701,2.03663
84,2.21136,0.162747
84,1.37701,2.03663
84,1.37969,2.03708
84,1.37701,2.03663
84,1.37701,2.03663
84,1.37701,2.03663
84,1.37701,2.03663
84,1.56029,0.178436
84,1.37969,2.03708
84,1.37701,2.03663
84,1.37701,2.03663
84,1.37701,2.03663
84,1.558,0.217105
84,1.37701,2.03663
84,1.12315,-0.184621
84,0.597697,-0.627814
84,1.37701,2.03663
84,1.37701,2.03663
84,1.37701,2.03663
84,1.37701,2.03663
84,1.31047,1.75273
84,1.12523,-0.169147
84,1.37701,2.03663
84,1.37701,2.03663
84,1.37701,2.03663
84,1.37701,2.03663
84,1.37701,2.03663
84,0.484859,-0.820401
84,0.588658,-0.674913
84,1.37969,2.03708
85,1.37701,2.03663
85,1.37701,2.03663
85,1.37701,2.03663
85,0.98879,-0.421364
85,1.37701,2.03663
85,1.19133,0.471105
85,1.59829,-0.463234
85,1.37969,2.03708
85,0.745369,0.21161
85,1.81088,-1.89054
85,2.05178,0.384694
85,1.07239,-0.451035
85,1.37701,2.03663
85,1.37701,2.03663
85,1.37701,2.03663
85,1.37701,2.03663
85,1.37701,2.03663
85,1.37969,2.03708
85,1.37701,2.03663
85,1.37701,2.03663
85,1.18638,0.415502
85,1.37969,2.03708
85,1.37701,2.03663
85,1.37701,2.03663
85,2.30144,-0.233941
85,1.37701,2.03663
85,1.37701,2.03663
85,1.24569,1.10544
85,1.37701,2.03663
85,1.37701,2.03663
85,1.37969,2.03708
85,0.848953,0.207738
85,1.37701,2.03663
85,1.37701,2.03663
85,1.37701,2.03663
85,1.59695,-0.440927
85,1.37701,2.03663
85,1.37969,2.03708
85,1.37701,2.03663
85,1.4886,1.28746
85,1.37701,2.03663
85,1.37701,2.03663
85,1.37701,2.03663
85,1.37701,2.03663
85,1.37701,2.03663
85,1.37701,2.03663
85,1.37701,2.03663
85,1.37701,2.03663
85,0.870986,0.125851
85,1.37969,2.03708
86,1.37701,2.03663
86,1.37701,2.03663
86,2.14086,0.456334
86,1.37969,2.03708
86,1.20587,0.63828
86,1.37701,2.03663
86,1.37701,2.03663
86,1.37701,2.03663
86,0.453876,-0.689354
86,1.37701,2.03663
86,1.01053,-0.478504
86,1.37701,2.03663
86,1.37701,2.03663
86,1.37969,2.03708
86,1.37701,2.03663
86,1.37969,2.03708
86,1.37969,2.03708
86,1.37969,2.03708
86,1.37701,2.03663
86,1.48379,1.34925
86,1.37701,2.03663
86,1.37701,2.03663
86,1.37969,2.03708
86,1.37701,2.03663
86,2.03624,0.303125
86,1.37701,2.03663
86,0.522417,-0.866558
86,1.37701,2.03663
86,1.37701,2.03663
86,1.37701,2.03663
86,1.37701,2.03663
86,0.708401,0.0515233
86,1.37701,2.03663
86,1.37701,2.03663
86,1.37969,2.03708
86,1.37969,2.03708
86,1.37701,2.03663
86,1.37969,2.03708
86,1.37701,2.03663
86,1.37701,2.03663
86,1.37701,2.03663
86,1.72348,-1.94084
86,1.37969,2.03708
86,1.82761,-1.77947
86,1.37701,2.03663
86,1.37701,2.03663
86,1.37701,2.03663
86,1.37969,2.03708
86,1.37701,2.03663
86,1.37969,2.03708
87,1.51914,0.850454
87,1.37969,2.03708
87,2.12437,0.48995
87,1.37969,2.03708
87,1.13013,-0.131256
87,1.20587,0.63828
87,0.621076,-0.491217
87,1.01053,-0.478504
87,1.37701,2.03663
87,1.37701,2.03663
87,1.37701,2.03663
87,2.01487,0.15779
87,1.37701,2.03663
87,1.31067,1.75423
87,1.1715,0.253995
87,1.37701,2.03663
87,1.37969,2.03708
87,1.37701,2.03663
87,1.37701,2.03663
87,1.37969,2.03708
87,1.37969,2.03708
87,1.37701,2.03663
87,1.37969,2.03708
87,1.37701,2.03663
87,2.26803,-0.114966
87,1.37701,2.03663
87,1.37701,2.03663
87,1.37701,2.03663
87,1.97098,-0.244671
87,2.21946,0.12117
87,1.37701,2.03663
87,1.37969,2.03708
87,1.37701,2.03663
87,1.37701,2.03663
87,1.37701,2.03663
87,1.37701,2.03663
87,1.37969,2.03708
87,1.37969,2.03708
87,2.28376,-0.177357
87,1.37701,2.03663
87,1.37969,2.03708
87,1.37969,2.03708
87,1.37969,2.03708
87,1.96321,-0.327528
87,1.37969,2.03708
87,1.37969,2.03708
87,0.51113,-0.865645
87,1.37969,2.03708
87,1.37701,2.03663
87,1.37969,2.03708
88,1.37701,2.03663
88,1.37701,2.03663
88,1.37969,2.03708
88,0.672766,-0.157591
88,1.37969,2.03708
88,1.37969,2.03708
88,1.37969,2.03708
88,1.37969,2.03708
88,1.37969,2.03708
88,1.37701,2.03663
88,2.09767,0.502391
88,2.31185,-0.259478
88,0.794856,0.296574
88,1.37701,2.03663
88,1.37701,2.03663
88,1.37969,2.03708
88,1.37969,2.03708
88,1.37969,2.03708
88,1.37969,2.03708
88,1.37969,2.03708
88,1.37969,2.03708
88,1.79353,-1.97476
88,1.37969,2.03708
88,1.37969,2.03708
88,1.37701,2.03663
88,1.37969,2.03708
88,2.20421,0.199044
88,1.14357,-0.018306
88,1.37969,2.03708
88,0.487087,-0.826608
88,0.861396,0.164115
88,1.37701,2.03663
88,1.37969,2.03708
88,1.16217,0.157997
88,0.891903,0.0312538
88,1.90954,-0.946526
88,0.93718,-0.198034
88,1.37969,2.03708
88,1.37969,2.03708
88,1.37969,2.03708
88,1.76986,-2.03309
88,1.37969,2.03708
88,1.37969,2.03708
88,1.37969,2.03708
88,1.37969,2.03708
88,1.37969,2.03708
88,1.37969,2.03708
88,0.604808,-0.588278
88,1.37969,2.03708
88,1.75689,-2.03543
89,1.37969,2.03708
89,1.37969,2.03708
89,1.92938,-0.712644
89,0.794856,0.296574
89,1.37969,2.03708
89,0.904906,-0.0329956
89,1.37701,2.03663
89,0.81921,0.278804
89,1.37969,2.03708
89,1.37969,2.03708
89,1.37969,2.03708
89,1.37969,2.03708
89,1.37969,2.03708
89,1.37969,2.03708
89,1.37969,2.03708
89,1.37701,2.03663
89,1.37969,2.03708
89,1.37969,2.03708
89,1.55194,0.319239
89,1.37969,2.03708
89,1.37969,2.03708
89,1.37969,2.03708
89,1.37969,2.03708
89,1.37969,2.03708
89,1.37969,2.03708
89,1.37969,2.03708
89,2.14954,0.431725
89,1.37969,2.03708
89,1.37969,2.03708
89,1.37969,2.03708
89,1.37969,2.03708
89,1.37969,2.03708
89,1.37969,2.03708
89,1.37969,2.03708
89,1.37969,2.03708
89,1.37969,2.03708
89,1.37969,2.03708
89,1.37969,2.03708
89,1.37969,2.03708
89,1.37969,2.03708
89,0.480088,-0.805639
89,1.37969,2.03708
89,1.32809,1.87496
89,1.37701,2.03663
89,1.37969,2.03708
89,1.37969,2.03708
89,1.37969,2.03708
89,1.12373,-0.180369
89,1.37969,2.03708
89,1.67716,-1.57486
90,1.37969,2.03708
90,0.587148,-0.682401
90,1.37969,2.03708
90,1.37969,2.03708
90,1.37969,2.03708
90,1.37969,2.03708
90,1.37969,2.03708
90,1.37969,2.03708
90,1.37969,2.03708
90,1.37969,2.03708
90,1.37969,2.03708
90,1.37969,2.03708
90,1.37969,2.03708
90,1.37969,2.03708
90,1.37969,2.03708
90,1.37969,2.03708
90,1.37969,2.03708
90,1.37969,2.03708
90,1.67425,-1.54346
90,1.37969,2.03708
90,1.37969,2.03708
90,1.37969,2.03708
90,1.07853,-0.43068
90,1.37969,2.03708
90,1.37969,2.03708
90,1.37969,2.03708
90,1.37969,2.03708
90,1.37969,2.03708
90,1.37969,2.03708
90,1.37969,2.03708
90,1.37969,2.03708
90,1.37969,2.03708
90,0.622268,-0.483816
90,0.675176,-0.142354
90,1.37969,2.03708
90,1.93643,-0.630128
90,1.37969,2.03708
90,1.47088,1.50406
90,1.37969,2.03708
90,1.37969,2.03708
90,1.37969,2.03708
90,1.37969,2.03708
90,1.67717,-1.57498
90,1.37969,2.03708
90,1.37969,2.03708
90,1.37969,2.03708
90,1.37969,2.03708
90,1.37969,2.03708
90,1.37969,2.03708
90,1.65001,-1.24808
91,1.37969,2.03708
91,1.37969,2.03708
91,1.37969,2.03708
91,1.37969,2.03708
91,1.37969,2.03708
91,1.37969,2.03708
91,1.37969,2.03708
91,0.682267,-0.098228
91,1.37969,2.03708
91,1.37969,2.03708
91,1.37969,2.03708
91,1.37969,2.03708
91,1.37969,2.03708
91,1.65758,-1.34644
91,1.37969,2.03708
91,1.37969,2.03708
91,1.37969,2.03708
91,0.940513,-0.214744
91,1.37969,2.03708
91,1.37969,2.03708
91,1.37969,2.03708
91,1.37969,2.03708
91,1.37969,2.03708
91,0.751842,0.231743
91,1.37969,2.03708
91,1.37969,2.03708
91,0.854137,0.190453
91,1.37969,2.03708
91,1.37969,2.03708
91,1.37969,2.03708
91,1.74404,-2.01632
91,1.0924,-0.372562
91,1.37969,2.03708
91,1.37969,2.03708
91,1.37969,2.03708
91,1.37969,2.03708
91,1.37969,2.03708
91,0.782294,0.290374
91,1.04951,-0.497772
91,1.37969,2.03708
91,1.37969,2.03708
91,1.37969,2.03708
91,0.587148,-0.682401
91,1.38446,2.03559
91,1.37969,2.03708
91,1.37969,2.03708
91,1.37969,2.03708
91,1.21393,0.732834
91,1.37969,2.03708
91,0.610487,-0.555338
92,1.37969,2.03708
92,1.37969,2.03708
92,1.37969,2.03708
92,1.37969,2.03708
92,1.37969,2.03708
92,1.37969,2.03708
92,1.37969,2.03708
92,1.37969,2.03708
92,1.37969,2.03708
92,1.37969,2.03708
92,2.34911,-0.296214
92,1.37969,2.03708
92,1.37969,2.03708
92,1.37969,2.03708
92,0.620077,-0.497401
92,1.37969,2.03708
92,1.71286,-1.88031
92,1.37969,2.03708
92,1.47862,1.41322
92,1.37969,2.03708
92,0.678768,-0.119859
92,1.37969,2.03708
92,2.29735,-0.222264
92,1.75111,-2.0295
92,1.37969,2.03708
92,0.446448,-0.645976
92,1.37969,2.03708
92,1.18792,0.432642
92,1.36133,2.01586
92,1.37969,2.03708
92,1.37969,2.03708
92,1.37969,2.03708
92,1.37969,2.03708
92,1.37969,2.03708
92,1.37969,2.03708
92,1.37969,2.03708
92,1.37969,2.03708
92,1.37969,2.03708
92,1.37969,2.03708
92,1.37969,2.03708
92,1.37969,2.03708
92,1.82642,-1.78823
92,1.37969,2.03708
92,1.37969,2.03708
92,1.64104,-1.12504
92,1.37969,2.03708
92,1.18598,0.411027
92,1.37969,2.03708
92,1.35974,2.01203
92,1.37969,2.03708
93,1.37969,2.03708
93,1.37969,2.03708
93,1.23134,0.938034
93,1.37969,2.03708
93,1.37969,2.03708
93,1.37969,2.03708
93,1.37969,2.03708
93,1.37969,2.03708
93,1.37969,2.03708
93,0.908453,-0.0509739
93,1.29213,1.59622
93,1.37969,2.03708
93,1.37969,2.03708
93,0.804423,0.294215
93,1.37969,2.03708
93,1.37969,2.03708
93,1.37969,2.03708
93,1.07711,-0.435689
93,1.37969,2.03708
93,1.37969,2.03708
93,1.37969,2.03708
93,0.93764,-0.200346
93,1.37969,2.03708
93,1.37969,2.03708
93,1.23704,1.005
93,1.09384,-0.365546
93,1.37969,2.03708
93,1.37969,2.03708
93,1.37969,2.03708
93,1.37969,2.03708
93,1.37969,2.03708
93,1.37969,2.03708
93,1.37969,2.03708
93,1.37969,2.03708
93,1.37969,2.03708
93,1.01918,-0.492701
93,1.37969,2.03708
93,1.37969,2.03708
93,1.37969,2.03708
93,1.37969,2.03708
93,1.37969,2.03708
93,1.37969,2.03708
93,1.30968,1.74658
93,1.37969,2.03708
93,1.37969,2.03708
93,1.98135,-0.138801
93,1.37969,2.03708
93,1.2574,1.23837
93,1.76321,-2.03698
93,1.37969,2.03708
94,1.37969,2.03708
94,1.37969,2.03708
94,2.3717,-0.27387
94,1.16747,0.211963
94,1.37969,2.03708
94,1.37969,2.03708
94,1.37969,2.03708
94,1.37969,2.03708
94,1.37969,2.03708
94,1.84864,-1.60383
94,1.37969,2.03708
94,1.37969,2.03708
94,0.67682,-0.132029
94,1.37969,2.03708
94,1.37969,2.03708
94,1.89576,-1.1071
94,0.593642,-0.649407
94,1.37969,2.03708
94,1.37969,2.03708
94,1.97871,-0.165199
94,1.37969,2.03708
94,0.806333,0.293019
94,0.716782,0.0939174
94,0.747126,0.21733
94,0.587977,-0.678302
94,1.37969,2.03708
94,1.37969,2.03708
94,1.37969,2.03708
94,1.37969,2.03708
94,1.37969,2.03708
94,1.37969,2.03708
94,1.58741,-0.281538
94,1.37969,2.03708
94,1.37969,2.03708
94,0.423996,-0.48929
94,1.84786,-1.61102
94,1.37969,2.03708
94,1.37969,2.03708
94,1.37969,2.03708
94,1.37969,2.03708
94,1.37969,2.03708
94,1.37969,2.03708
94,1.37969,2.03708
94,1.37969,2.03708
94,1.37969,2.03708
94,1.37969,2.03708
94,1.37969,2.03708
94,0.769373,0.272946
94,1.37969,2.03708
94,1.37969,2.03708
95,1.37969,2.03708
95,0.813933,0.285912
95,1.37969,2.03708
95,0.747126,0.21733
95,1.37969,2.03708
95,1.37969,2.03708
95,1.37969,2.03708
95,1.37969,2.03708
95,1.37969,2.03708
95,1.40908,1.98079
95,0.46642,-0.752326
95,1.37969,2.03708
95,1.37969,2.03708
95,1.45723,1.64859
95,1.37969,2.03708
95,1.37969,2.03708
95,1.71178,-1.87335
95,1.37969,2.03708
95,1.37969,2.03708
95,1.37969,2.03708
95,1.37969,2.03708
95,1.37969,2.03708
95,1.37969,2.03708
95,1.37969,2.03708
95,1.53441,0.608758
95,0.948985,-0.256337
95,1.37969,2.03708
95,1.37969,2.03708
95,1.37969,2.03708
95,1.21327,0.725086
95,1.37969,2.03708
95,1.44862,1.72895
95,1.46713,1.54578
95,1.37969,2.03708
95,1.37969,2.03708
95,1.37969,2.03708
95,0.445806,-0.64202
95,1.37969,2.03708
95,1.37969,2.03708
95,1.37969,2.03708
95,1.37969,2.03708
95,1.37969,2.03708
95,2.10605,0.504495
95,1.37969,2.03708
95,1.37969,2.03708
95,1.9245,-0.770102
95,1.37969,2.03708
95,1.04488,-0.501785
95,1.16747,0.211963
95,0.764506,0.263504
96,1.93187,-0.683388
96,0.949705,-0.259806
96,1.37969,2.03708
96,1.37969,2.03708
96,0.579243,-0.719668
96,1.37969,2.03708
96,1.37969,2.03708
96,1.37969,2.03708
96,1.37969,2.03708
96,1.37969,2.03708
96,1.48898,1.28245
96,1.37969,2.03708
96,1.37969,2.03708
96,1.37969,2.03708
96,0.385509,-0.147279
96,1.37969,2.03708
96,1.37969,2.03708
96,1.37969,2.03708
96,1.37969,2.03708
96,1.28987,1.57514
96,1.37969,2.03708
96,1.37969,2.03708
96,2.17144,0.351877
96,1.37969,2.03708
96,1.37969,2.03708
96,1.37969,2.03708
96,1.37969,2.03708
96,1.16027,0.139077
96,1.37969,2.03708
96,1.37969,2.03708
96,1.37969,2.03708
96,1.37969,2.03708
96,1.37969,2.03708
96,1.94732,-0.504514
96,1.37969,2.03708
96,1.37969,2.03708
96,1.37969,2.03708
96,1.37969,2.03708
96,1.37969,2.03708
96,1.72082,-1.92703
96,1.37969,2.03708
96,1.37969,2.03708
96,1.37969,2.03708
96,2.40219,-0.190805
96,1.37969,2.03708
96,0.315712,0.572332
96,1.44862,1.72895
96,1.37969,2.03708
96,0.38347,-0.127214
96,1.37969,2.03708
97,1.37969,2.03708
97,1.37969,2.03708
97,1.37969,2.03708
97,1.37969,2.03708
97,0.431443,-0.545305
97,1.37969,2.03708
97,1.37969,2.03708
97,1.53339,0.625294
97,1.59743,-0.448977
97,1.37969,2.03708
97,1.37969,2.03708
97,1.37969,2.03708
97,1.37969,2.03708
97,1.37969,2.03708
97,1.37969,2.03708
97,1.37969,2.03708
97,1.37969,2.03708
97,1.37969,2.03708
97,2.20627,0.18864
97,1.42156,1.9228
97,1.37969,2.03708
97,1.37969,2.03708
97,1.37969,2.03708
97,1.37969,2.03708
97,1.37969,2.03708
97,1.37969,2.03708
97,1.37969,2.03708
97,1.2671,1.34468
97,1.37969,2.03708
97,0.975914,-0.375077
97,1.37969,2.03708
97,1.37969,2.03708
97,0.755273,0.241357
97,1.37969,2.03708
97,1.37969,2.03708
97,2.1269,0.485994
97,1.70533,-1.82872
97,1.37969,2.03708
97,1.87365,-1.3537
97,1.37969,2.03708
97,1.37969,2.03708
97,1.37969,2.03708
97,1.37969,2.03708
97,1.37969,2.03708
97,1.37969,2.03708
97,1.37969,2.03708
97,0.65233,-0.289911
97,1.37969,2.03708
97,1.37969,2.03708
97,1.94004,-0.588201
98,1.37969,2.03708
98,1.37969,2.03708
98,2.13425,0.471983
98,1.37969,2.03708
98,1.37969,2.03708
98,1.37969,2.03708
98,1.27676,1.44621
98,1.37969,2.03708
98,1.37969,2.03708
98,1.37969,2.03708
98,1.5373,0.561797
98,1.37969,2.03708
98,1.37969,2.03708
98,2.03617,0.302675
98,1.37969,2.03708
98,1.30779,1.7316
98,1.37969,2.03708
98,1.37969,2.03708
98,1.14476,-0.00768874
98,0.68215,-0.0989516
98,1.37969,2.03708
98,1.37969,2.03708
98,0.387822,-0.169858
98,1.8047,-1.92431
98,1.37969,2.03708
98,1.37969,2.03708
98,1.37969,2.03708
98,1.37969,2.03708
98,1.37969,2.03708
98,1.37969,2.03708
98,1.37969,2.03708
98,0.829101,0.26084
98,1.37969,2.03708
98,1.37969,2.03708
98,1.37969,2.03708
98,1.37969,2.03708
98,1.37969,2.03708
98,1.37969,2.03708
98,1.37969,2.03708
98,1.37969,2.03708
98,1.54189,0.486453
98,0.574266,-0.741358
98,1.37969,2.03708
98,1.37969,2.03708
98,1.37969,2.03708
98,1.75618,-2.03494
98,1.37969,2.03708
98,1.37969,2.03708
98,1.56431,0.110285
98,1.72664,-1.95602
99,1.72719,-1.95853
99,1.37969,2.03708
99,1.37969,2.03708
99,0.602367,-0.602079
99,2.23406,0.0463106
99,1.37969,2.03708
99,0.456434,-0.703263
99,1.37969,2.03708
99,1.37969,2.03708
99,1.37969,2.03708
99,1.37969,2.03708
99,1.37969,2.03708
99,1.37969,2.03708
99,2.31462,-0.265197
99,0.442883,-0.623599
99,1.37969,2.03708
99,1.37969,2.03708
99,0.453001,-0.684476
99,1.37969,2.03708
99,1.37969,2.03708
99,1.37969,2.03708
99,1.37969,2.03708
99,1.37969,2.03708
99,1.37969,2.03708
99,1.37969,2.03708
99,1.37969,2.03708
99,1.37969,2.03708
99,1.30779,1.7316
99,1.37969,2.03708
99,2.20809,0.179399
99,1.37969,2.03708
99,1.37969,2.03708
99,1.5373,0.561797
99,0.429901,-0.534027
99,1.37969,2.03708
99,1.37969,2.03708
99,1.37969,2.03708
99,1.37969,2.03708
99,1.37969,2.03708
99,1.37969,2.03708
99,1.37969,2.03708
99,1.37969,2.03708
99,1.37969,2.03708
99,1.37969,2.03708
99,1.37969,2.03708
99,1.37969,2.03708
99,1.37969,2.03708
99,1.96053,-0.356723
99,1.81046,-1.89294
99,2.02348,0.220764
